file,true,pred,correct,confidence,edit_distance,cer,character_accuracy,true_length,pred_length,length_error,length_category
crop_2219.png,8,8,1,0.9975615739822388,0,0.0,1.0,1,1,0,1
crop_1505.png,16,16,1,0.9688928127288818,0,0.0,1.0,2,2,0,2
crop_1875.png,24,24,1,0.9993425607681274,0,0.0,1.0,2,2,0,2
crop_2756.png,18,18,1,0.9720363020896912,0,0.0,1.0,2,2,0,2
crop_1847.png,4,4,1,0.9932512640953064,0,0.0,1.0,1,1,0,1
crop_2458.png,10,10,1,0.9986933469772339,0,0.0,1.0,2,2,0,2
crop_2871.png,8,8,1,0.8866912126541138,0,0.0,1.0,1,1,0,1
crop_2947.png,4,4,1,0.9996931552886963,0,0.0,1.0,1,1,0,1
crop_0569.png,56,56,1,0.9980255365371704,0,0.0,1.0,2,2,0,2
crop_2802.png,31,32,0,0.5821852087974548,1,0.5,0.5,2,2,0,2
crop_1166.png,11,,0,0.7755587100982666,2,1.0,0.0,2,0,-2,2
crop_1838.png,51,51,1,0.9634014368057251,0,0.0,1.0,2,2,0,2
crop_2517.png,20,20,1,0.9999529123306274,0,0.0,1.0,2,2,0,2
crop_1564.png,24,24,1,0.8688272833824158,0,0.0,1.0,2,2,0,2
crop_0662.png,37,37,1,0.9994924068450928,0,0.0,1.0,2,2,0,2
crop_1573.png,23,23,1,0.9969373941421509,0,0.0,1.0,2,2,0,2
crop_2636.png,7,,0,0.9860062599182129,1,1.0,0.0,1,0,-1,1
crop_2607.png,13,13,1,0.9861876964569092,0,0.0,1.0,2,2,0,2
crop_0863.png,36,36,1,0.9998056888580322,0,0.0,1.0,2,2,0,2
crop_0000.png,42,42,1,0.9993094205856323,0,0.0,1.0,2,2,0,2
crop_0990.png,6,6,1,0.9999755620956421,0,0.0,1.0,1,1,0,1
crop_2379.png,10,10.,0,0.8877397179603577,1,0.5,0.5,2,3,1,2
crop_0769.png,58,58,1,0.9940925240516663,0,0.0,1.0,2,2,0,2
crop_0040.png,68,68,1,0.9992707967758179,0,0.0,1.0,2,2,0,2
crop_2668.png,3,3,1,0.9996483325958252,0,0.0,1.0,1,1,0,1
crop_0776.png,76,76,1,0.9965507388114929,0,0.0,1.0,2,2,0,2
crop_2151.png,9,6,0,0.8253627419471741,1,1.0,0.0,1,1,0,1
crop_1873.png,29,29,1,0.944953441619873,0,0.0,1.0,2,2,0,2
crop_2186.png,33,33,1,0.9998171329498291,0,0.0,1.0,2,2,0,2
crop_2520.png,20,01,0,0.804052472114563,2,1.0,0.0,2,2,0,2
crop_2017.png,10,10,1,0.9979022145271301,0,0.0,1.0,2,2,0,2
crop_1757.png,14,14,1,0.9995273351669312,0,0.0,1.0,2,2,0,2
crop_0287.png,61,61,1,0.9467454552650452,0,0.0,1.0,2,2,0,2
crop_2073.png,18,18,1,0.9914112687110901,0,0.0,1.0,2,2,0,2
crop_2878.png,18,18,1,0.9998759031295776,0,0.0,1.0,2,2,0,2
crop_1612.png,59,59,1,0.9991680383682251,0,0.0,1.0,2,2,0,2
crop_1287.png,29,,0,,2,1.0,0.0,2,0,-2,2
crop_1503.png,8,8,1,0.9565377235412598,0,0.0,1.0,1,1,0,1
crop_2717.png,14,14,1,0.997154176235199,0,0.0,1.0,2,2,0,2
crop_1942.png,19,19,1,0.8352993726730347,0,0.0,1.0,2,2,0,2
crop_1543.png,7,,0,,1,1.0,0.0,1,0,-1,1
crop_0466.png,31,3,0,0.777000904083252,1,0.5,0.5,2,1,-1,2
crop_0568.png,57,57,1,0.8543469905853271,0,0.0,1.0,2,2,0,2
crop_0930.png,22,22,1,0.9999682307243347,0,0.0,1.0,2,2,0,2
crop_2503.png,22,22,1,0.9980010986328125,0,0.0,1.0,2,2,0,2
crop_0135.png,68,68,1,0.9998321533203125,0,0.0,1.0,2,2,0,2
crop_2023.png,18,18,1,0.9998645782470703,0,0.0,1.0,2,2,0,2
crop_2541.png,29,.,0,0.9083813428878784,2,1.0,0.0,2,1,-1,2
crop_0544.png,29,29,1,0.9999513030052185,0,0.0,1.0,2,2,0,2
crop_2814.png,50,150,0,0.5429885983467102,1,0.5,0.5,2,3,1,2
crop_2857.png,8,,0,0.6840236186981201,1,1.0,0.0,1,0,-1,1
crop_1654.png,17,7,0,0.9991064667701721,1,0.5,0.5,2,1,-1,2
crop_2085.png,10,10,1,0.9949043989181519,0,0.0,1.0,2,2,0,2
crop_0598.png,34,34,1,0.9999337792396545,0,0.0,1.0,2,2,0,2
crop_1515.png,12,12,1,0.9942492246627808,0,0.0,1.0,2,2,0,2
crop_0445.png,77,77,1,0.9561629295349121,0,0.0,1.0,2,2,0,2
crop_1246.png,51,5,0,0.9318646192550659,1,0.5,0.5,2,1,-1,2
crop_1412.png,5,,0,0.38228029012680054,1,1.0,0.0,1,0,-1,1
crop_0548.png,45,45,1,0.9999403357505798,0,0.0,1.0,2,2,0,2
crop_0319.png,38,38,1,0.999671459197998,0,0.0,1.0,2,2,0,2
crop_0917.png,19,19,1,0.8639929890632629,0,0.0,1.0,2,2,0,2
crop_1225.png,67,67,1,0.9942530393600464,0,0.0,1.0,2,2,0,2
crop_2892.png,12,22,0,0.9169960021972656,1,0.5,0.5,2,2,0,2
crop_0673.png,42,42,1,0.9999614953994751,0,0.0,1.0,2,2,0,2
crop_1627.png,48,48,1,0.9999881386756897,0,0.0,1.0,2,2,0,2
crop_2158.png,6,6,1,0.9996063113212585,0,0.0,1.0,1,1,0,1
crop_2128.png,15,15,1,0.8481314778327942,0,0.0,1.0,2,2,0,2
crop_1325.png,30,3,0,0.9116612672805786,1,0.5,0.5,2,1,-1,2
crop_2579.png,2,2,1,0.9878199100494385,0,0.0,1.0,1,1,0,1
crop_2678.png,12,12,1,0.9998775720596313,0,0.0,1.0,2,2,0,2
crop_0840.png,28,28,1,0.9118276834487915,0,0.0,1.0,2,2,0,2
crop_1147.png,40,40,1,0.98768150806427,0,0.0,1.0,2,2,0,2
crop_0637.png,40,40,1,0.9966000318527222,0,0.0,1.0,2,2,0,2
crop_0821.png,77,77,1,0.9999979138374329,0,0.0,1.0,2,2,0,2
crop_1711.png,13,.,0,0.8687776327133179,2,1.0,0.0,2,1,-1,2
crop_2529.png,26,26,1,0.999979555606842,0,0.0,1.0,2,2,0,2
crop_2307.png,1,,0,,1,1.0,0.0,1,0,-1,1
crop_0021.png,59,5,0,0.9185300469398499,1,0.5,0.5,2,1,-1,2
crop_0949.png,11,,0,0.8293067812919617,2,1.0,0.0,2,0,-2,2
crop_0508.png,7,7,1,0.9995788931846619,0,0.0,1.0,1,1,0,1
crop_1157.png,19,19,1,0.9995229244232178,0,0.0,1.0,2,2,0,2
crop_2252.png,9,9,1,0.9913510084152222,0,0.0,1.0,1,1,0,1
crop_0856.png,31,"3,",0,0.9574984908103943,1,0.5,0.5,2,2,0,2
crop_1414.png,5,3,0,0.8230151534080505,1,1.0,0.0,1,1,0,1
crop_2730.png,8,8,1,0.9996300935745239,0,0.0,1.0,1,1,0,1
crop_0182.png,37,,0,,2,1.0,0.0,2,0,-2,2
crop_0845.png,29,29,1,0.7408351898193359,0,0.0,1.0,2,2,0,2
crop_1053.png,21,2,0,0.9891161322593689,1,0.5,0.5,2,1,-1,2
crop_1052.png,24,24,1,0.9926998615264893,0,0.0,1.0,2,2,0,2
crop_2099.png,13,131,0,0.6916091442108154,1,0.5,0.5,2,3,1,2
crop_0087.png,90,9,0,0.7091214060783386,1,0.5,0.5,2,1,-1,2
crop_0265.png,55,55,1,0.9756485819816589,0,0.0,1.0,2,2,0,2
crop_2641.png,12,12,1,0.9999434351921082,0,0.0,1.0,2,2,0,2
crop_2402.png,3,3,1,0.9999833106994629,0,0.0,1.0,1,1,0,1
crop_2324.png,2,2,1,0.9999327659606934,0,0.0,1.0,1,1,0,1
crop_0973.png,5,3,0,0.4981372356414795,1,1.0,0.0,1,1,0,1
crop_2538.png,14,14,1,0.992129385471344,0,0.0,1.0,2,2,0,2
crop_1383.png,9,9,1,0.9999083280563354,0,0.0,1.0,1,1,0,1
crop_0446.png,82,82,1,0.9845290780067444,0,0.0,1.0,2,2,0,2
crop_0251.png,55,56,0,0.9951987266540527,1,0.5,0.5,2,2,0,2
crop_0170.png,54,54,1,0.9224931001663208,0,0.0,1.0,2,2,0,2
crop_1075.png,23,23,1,0.999885082244873,0,0.0,1.0,2,2,0,2
crop_1370.png,13,13,1,0.9995291233062744,0,0.0,1.0,2,2,0,2
crop_0045.png,68,68,1,0.9999015927314758,0,0.0,1.0,2,2,0,2
crop_0365.png,60,60,1,0.9007135629653931,0,0.0,1.0,2,2,0,2
crop_1400.png,7,8,0,0.9986845850944519,1,1.0,0.0,1,1,0,1
crop_1450.png,12,12,1,0.9959628582000732,0,0.0,1.0,2,2,0,2
crop_0739.png,12,12,1,0.999901533126831,0,0.0,1.0,2,2,0,2
crop_3010.png,4,4,1,0.9999655485153198,0,0.0,1.0,1,1,0,1
crop_0433.png,71,71,1,0.7789040803909302,0,0.0,1.0,2,2,0,2
crop_2257.png,41,,0,0.6452757716178894,2,1.0,0.0,2,0,-2,2
crop_0727.png,28,28,1,0.999945878982544,0,0.0,1.0,2,2,0,2
crop_2651.png,4,4,1,0.9999833106994629,0,0.0,1.0,1,1,0,1
crop_2450.png,20,20,1,0.9980838298797607,0,0.0,1.0,2,2,0,2
crop_0532.png,25,16.4,0,0.6370145082473755,4,2.0,0.0,2,4,2,2
crop_0825.png,66,66,1,0.9997735023498535,0,0.0,1.0,2,2,0,2
crop_2941.png,3,3,1,0.999991774559021,0,0.0,1.0,1,1,0,1
crop_2303.png,6,6,1,0.8759459257125854,0,0.0,1.0,1,1,0,1
crop_2003.png,29,29,1,0.9999477863311768,0,0.0,1.0,2,2,0,2
crop_0064.png,56,56,1,0.9998366832733154,0,0.0,1.0,2,2,0,2
crop_2616.png,8,8,1,0.9060171246528625,0,0.0,1.0,1,1,0,1
crop_0036.png,64,64,1,0.9999688267707825,0,0.0,1.0,2,2,0,2
crop_1876.png,15,15,1,0.9991945028305054,0,0.0,1.0,2,2,0,2
crop_1589.png,30,3,0,0.7541894912719727,1,0.5,0.5,2,1,-1,2
crop_0803.png,61,61,1,0.7981765866279602,0,0.0,1.0,2,2,0,2
crop_0430.png,82,82,1,0.9863309860229492,0,0.0,1.0,2,2,0,2
crop_0830.png,42,42,1,0.999589741230011,0,0.0,1.0,2,2,0,2
crop_0889.png,33,33,1,0.9998691082000732,0,0.0,1.0,2,2,0,2
crop_1120.png,26,26,1,0.9959702491760254,0,0.0,1.0,2,2,0,2
crop_2519.png,5,5,1,0.9968903660774231,0,0.0,1.0,1,1,0,1
crop_2426.png,34,34,1,0.9999570846557617,0,0.0,1.0,2,2,0,2
crop_0709.png,16,16,1,0.9901119470596313,0,0.0,1.0,2,2,0,2
crop_2193.png,27,27,1,0.9999807476997375,0,0.0,1.0,2,2,0,2
crop_2126.png,11,1,0,0.7620609402656555,1,0.5,0.5,2,1,-1,2
crop_2113.png,15,15,1,0.9467067718505859,0,0.0,1.0,2,2,0,2
crop_2545.png,12,12,1,0.999091386795044,0,0.0,1.0,2,2,0,2
crop_0997.png,6,9,0,0.973021388053894,1,1.0,0.0,1,1,0,1
crop_0399.png,48,48,1,0.9999751448631287,0,0.0,1.0,2,2,0,2
crop_2833.png,6,1.6,0,0.8321003317832947,2,2.0,0.0,1,3,2,1
crop_0528.png,1,1,1,0.9294504523277283,0,0.0,1.0,1,1,0,1
crop_2800.png,40,,0,0.597334086894989,2,1.0,0.0,2,0,-2,2
crop_0398.png,39,39,1,0.7577400207519531,0,0.0,1.0,2,2,0,2
crop_1036.png,6,6,1,0.999894380569458,0,0.0,1.0,1,1,0,1
crop_0183.png,39,39,1,0.9991472959518433,0,0.0,1.0,2,2,0,2
crop_1136.png,33,33,1,0.9999163746833801,0,0.0,1.0,2,2,0,2
crop_2304.png,7,7,1,0.9999911785125732,0,0.0,1.0,1,1,0,1
crop_2321.png,2,2,1,0.9999659061431885,0,0.0,1.0,1,1,0,1
crop_0649.png,29,2,0,0.4488639235496521,1,0.5,0.5,2,1,-1,2
crop_2585.png,6,6,1,0.9938883185386658,0,0.0,1.0,1,1,0,1
crop_2242.png,34,34,1,0.9997626543045044,0,0.0,1.0,2,2,0,2
crop_1889.png,30,30,1,0.9874578714370728,0,0.0,1.0,2,2,0,2
crop_2863.png,22,22,1,0.999958336353302,0,0.0,1.0,2,2,0,2
crop_2948.png,3,,0,,1,1.0,0.0,1,0,-1,1
crop_1322.png,31,31,1,0.6900866031646729,0,0.0,1.0,2,2,0,2
crop_0602.png,36,36,1,0.9999493956565857,0,0.0,1.0,2,2,0,2
crop_2612.png,6,6,1,0.9983838796615601,0,0.0,1.0,1,1,0,1
crop_2895.png,18,18,1,0.991472601890564,0,0.0,1.0,2,2,0,2
crop_1291.png,31,31,1,0.9850857257843018,0,0.0,1.0,2,2,0,2
crop_0939.png,17,17,1,0.998302161693573,0,0.0,1.0,2,2,0,2
crop_0160.png,59,9,0,0.9989281296730042,1,0.5,0.5,2,1,-1,2
crop_0827.png,34,34,1,0.9999826550483704,0,0.0,1.0,2,2,0,2
crop_2112.png,7,7,1,0.9999631643295288,0,0.0,1.0,1,1,0,1
crop_2124.png,10,10,1,0.7590364217758179,0,0.0,1.0,2,2,0,2
crop_1302.png,30,30,1,0.7848178744316101,0,0.0,1.0,2,2,0,2
crop_0337.png,42,42,1,0.9976418018341064,0,0.0,1.0,2,2,0,2
crop_1464.png,13,13,1,0.9650824069976807,0,0.0,1.0,2,2,0,2
crop_0145.png,61,61,1,0.9844146370887756,0,0.0,1.0,2,2,0,2
crop_0346.png,15,15,1,0.9999014139175415,0,0.0,1.0,2,2,0,2
crop_2253.png,20,20,1,0.9998735189437866,0,0.0,1.0,2,2,0,2
crop_0756.png,45,7,0,0.9999316930770874,2,1.0,0.0,2,1,-1,2
crop_2288.png,22,22,1,0.9999691247940063,0,0.0,1.0,2,2,0,2
crop_1605.png,45,4.5,0,0.8773978352546692,1,0.5,0.5,2,3,1,2
crop_1089.png,29,29,1,0.9996843934059143,0,0.0,1.0,2,2,0,2
crop_1181.png,74,74,1,0.9997272491455078,0,0.0,1.0,2,2,0,2
crop_2866.png,5,5,1,0.8802948594093323,0,0.0,1.0,1,1,0,1
crop_0578.png,57,57,1,0.9995495080947876,0,0.0,1.0,2,2,0,2
crop_1257.png,24,24,1,0.9997445344924927,0,0.0,1.0,2,2,0,2
crop_0364.png,65,65,1,0.9998213648796082,0,0.0,1.0,2,2,0,2
crop_2089.png,9,9,1,0.9963488578796387,0,0.0,1.0,1,1,0,1
crop_0615.png,33,33,1,0.9997574090957642,0,0.0,1.0,2,2,0,2
crop_2487.png,22,22,1,0.9999872446060181,0,0.0,1.0,2,2,0,2
crop_1270.png,31,31,1,0.8604128956794739,0,0.0,1.0,2,2,0,2
crop_0333.png,66,66,1,0.9959367513656616,0,0.0,1.0,2,2,0,2
crop_2869.png,8,8,1,0.9619737267494202,0,0.0,1.0,1,1,0,1
crop_2650.png,4,4,1,0.9918478727340698,0,0.0,1.0,1,1,0,1
crop_0561.png,58,58,1,0.9552479982376099,0,0.0,1.0,2,2,0,2
crop_1898.png,59,59,1,0.999695360660553,0,0.0,1.0,2,2,0,2
crop_2944.png,8,8,1,0.9921350479125977,0,0.0,1.0,1,1,0,1
crop_1391.png,11,,0,0.6098781228065491,2,1.0,0.0,2,0,-2,2
crop_0794.png,56,56,1,0.9985989332199097,0,0.0,1.0,2,2,0,2
crop_0025.png,62,62,1,0.9998037815093994,0,0.0,1.0,2,2,0,2
crop_0200.png,35,35,1,0.999814510345459,0,0.0,1.0,2,2,0,2
crop_2732.png,3,3,1,0.9997571110725403,0,0.0,1.0,1,1,0,1
crop_2660.png,3,3,1,0.999984622001648,0,0.0,1.0,1,1,0,1
crop_0976.png,3,3,1,0.9999839067459106,0,0.0,1.0,1,1,0,1
crop_1553.png,22,22,1,0.9999917149543762,0,0.0,1.0,2,2,0,2
crop_0439.png,95,95,1,0.9994561672210693,0,0.0,1.0,2,2,0,2
crop_2605.png,17,17,1,0.999180793762207,0,0.0,1.0,2,2,0,2
crop_0824.png,76,7,0,0.9999580383300781,1,0.5,0.5,2,1,-1,2
crop_2524.png,23,23,1,0.9999533295631409,0,0.0,1.0,2,2,0,2
crop_1818.png,21,21,1,0.9363718032836914,0,0.0,1.0,2,2,0,2
crop_2267.png,10,10,1,0.9992125034332275,0,0.0,1.0,2,2,0,2
crop_0072.png,46,40,0,0.9136812090873718,1,0.5,0.5,2,2,0,2
crop_2703.png,6,,0,,1,1.0,0.0,1,0,-1,1
crop_0082.png,79,79,1,0.9999944567680359,0,0.0,1.0,2,2,0,2
crop_0608.png,30,30,1,0.8861289024353027,0,0.0,1.0,2,2,0,2
crop_1050.png,13,13,1,0.9988112449645996,0,0.0,1.0,2,2,0,2
crop_2578.png,2,2,1,0.9997592568397522,0,0.0,1.0,1,1,0,1
crop_1972.png,24,24,1,0.9999821782112122,0,0.0,1.0,2,2,0,2
crop_0534.png,22,22,1,0.9998815059661865,0,0.0,1.0,2,2,0,2
crop_2753.png,21,,0,,2,1.0,0.0,2,0,-2,2
crop_1725.png,12,12,1,0.990574300289154,0,0.0,1.0,2,2,0,2
crop_1467.png,21,21,1,0.7617789506912231,0,0.0,1.0,2,2,0,2
crop_1639.png,46,46,1,0.9999722838401794,0,0.0,1.0,2,2,0,2
crop_0349.png,68,68,1,0.9998279809951782,0,0.0,1.0,2,2,0,2
crop_1030.png,15,15,1,0.9999160170555115,0,0.0,1.0,2,2,0,2
crop_0363.png,62,62,1,0.9999528527259827,0,0.0,1.0,2,2,0,2
crop_2464.png,23,23,1,0.9999337792396545,0,0.0,1.0,2,2,0,2
crop_0384.png,50,50,1,0.992805004119873,0,0.0,1.0,2,2,0,2
crop_2935.png,18,18,1,0.9182937741279602,0,0.0,1.0,2,2,0,2
crop_2609.png,12,112,0,0.8197469711303711,1,0.5,0.5,2,3,1,2
crop_2348.png,4,,0,,1,1.0,0.0,1,0,-1,1
crop_2537.png,10,10,1,0.9972116947174072,0,0.0,1.0,2,2,0,2
crop_2543.png,20,20,1,0.9998934268951416,0,0.0,1.0,2,2,0,2
crop_2143.png,29,29,1,0.7799930572509766,0,0.0,1.0,2,2,0,2
crop_2530.png,26,26,1,0.9951542615890503,0,0.0,1.0,2,2,0,2
crop_0055.png,66,66,1,0.9999100565910339,0,0.0,1.0,2,2,0,2
crop_1240.png,58,58,1,0.9954562783241272,0,0.0,1.0,2,2,0,2
crop_1173.png,49,49,1,0.9980703592300415,0,0.0,1.0,2,2,0,2
crop_2713.png,15,15,1,0.9644730687141418,0,0.0,1.0,2,2,0,2
crop_1832.png,40,4,0,0.7391775846481323,1,0.5,0.5,2,1,-1,2
crop_2933.png,7,7,1,0.9996185302734375,0,0.0,1.0,1,1,0,1
crop_1584.png,27,27,1,0.9999906420707703,0,0.0,1.0,2,2,0,2
crop_0243.png,53,53,1,0.9945963025093079,0,0.0,1.0,2,2,0,2
crop_0018.png,51,51,1,0.987360417842865,0,0.0,1.0,2,2,0,2
crop_1662.png,7,7.,0,0.39826637506484985,1,1.0,0.0,1,2,1,1
crop_1501.png,1,1,1,0.9933211207389832,0,0.0,1.0,1,1,0,1
crop_2618.png,7,7,1,0.9997316002845764,0,0.0,1.0,1,1,0,1
crop_0503.png,2,2,1,0.9999573230743408,0,0.0,1.0,1,1,0,1
crop_2156.png,12,12,1,0.9248939752578735,0,0.0,1.0,2,2,0,2
crop_1403.png,4,4,1,0.9830408692359924,0,0.0,1.0,1,1,0,1
crop_2728.png,17,17,1,0.9980740547180176,0,0.0,1.0,2,2,0,2
crop_2850.png,21,22,0,0.5827616453170776,1,0.5,0.5,2,2,0,2
crop_2557.png,20,20,1,0.9977275133132935,0,0.0,1.0,2,2,0,2
crop_2091.png,9,9,1,0.9995388984680176,0,0.0,1.0,1,1,0,1
crop_2943.png,5,5,1,0.9988700747489929,0,0.0,1.0,1,1,0,1
crop_1609.png,39,39,1,0.9882819652557373,0,0.0,1.0,2,2,0,2
crop_2381.png,11,1,0,0.7741133570671082,1,0.5,0.5,2,1,-1,2
crop_2365.png,10,10,1,0.6679300665855408,0,0.0,1.0,2,2,0,2
crop_2286.png,39,3,0,0.922735333442688,1,0.5,0.5,2,1,-1,2
crop_1107.png,23,23,1,0.9999458193778992,0,0.0,1.0,2,2,0,2
crop_2108.png,12,12,1,0.9996044635772705,0,0.0,1.0,2,2,0,2
crop_0020.png,58,58,1,0.999681830406189,0,0.0,1.0,2,2,0,2
crop_1727.png,9,6,0,0.34418433904647827,1,1.0,0.0,1,1,0,1
crop_0667.png,38,38,1,0.9998054504394531,0,0.0,1.0,2,2,0,2
crop_0104.png,48,48,1,0.9999023079872131,0,0.0,1.0,2,2,0,2
crop_0690.png,29,29,1,0.9998209476470947,0,0.0,1.0,2,2,0,2
crop_2927.png,7,,0,,1,1.0,0.0,1,0,-1,1
crop_2434.png,20,20,1,0.9964669942855835,0,0.0,1.0,2,2,0,2
crop_0774.png,72,72,1,0.9940290451049805,0,0.0,1.0,2,2,0,2
crop_2831.png,1,,0,,1,1.0,0.0,1,0,-1,1
crop_2433.png,11,1,0,0.4295292794704437,1,0.5,0.5,2,1,-1,2
crop_0437.png,77,77,1,0.9999940395355225,0,0.0,1.0,2,2,0,2
crop_2946.png,2,2,1,0.9987019300460815,0,0.0,1.0,1,1,0,1
crop_2243.png,15,015,0,0.8059280514717102,1,0.5,0.5,2,3,1,2
crop_1951.png,38,38,1,0.999958872795105,0,0.0,1.0,2,2,0,2
crop_2816.png,34,34,1,0.8771471977233887,0,0.0,1.0,2,2,0,2
crop_1369.png,11,11,1,0.5714688301086426,0,0.0,1.0,2,2,0,2
crop_2002.png,4,,0,,1,1.0,0.0,1,0,-1,1
crop_0645.png,35,35,1,0.9994761347770691,0,0.0,1.0,2,2,0,2
crop_2060.png,16,16,1,0.9840085506439209,0,0.0,1.0,2,2,0,2
crop_0826.png,58,58,1,0.9996998310089111,0,0.0,1.0,2,2,0,2
crop_1535.png,28,28,1,0.9999136924743652,0,0.0,1.0,2,2,0,2
crop_0366.png,49,49,1,0.9817623496055603,0,0.0,1.0,2,2,0,2
crop_2342.png,5,5,1,0.9987865090370178,0,0.0,1.0,1,1,0,1
crop_0405.png,64,64,1,0.9999639987945557,0,0.0,1.0,2,2,0,2
crop_0957.png,7,7,1,0.38057535886764526,0,0.0,1.0,1,1,0,1
crop_2421.png,27,27,1,0.9999545216560364,0,0.0,1.0,2,2,0,2
crop_1095.png,33,33,1,0.9999256134033203,0,0.0,1.0,2,2,0,2
crop_2203.png,20,20,1,0.9999732971191406,0,0.0,1.0,2,2,0,2
crop_1094.png,34,34,1,0.999848484992981,0,0.0,1.0,2,2,0,2
crop_2237.png,33,33,1,0.9989075660705566,0,0.0,1.0,2,2,0,2
crop_0499.png,5,5,1,0.999231219291687,0,0.0,1.0,1,1,0,1
crop_2652.png,4,4,1,0.9965595602989197,0,0.0,1.0,1,1,0,1
crop_2630.png,5,5,1,0.844592809677124,0,0.0,1.0,1,1,0,1
crop_1968.png,44,44,1,0.9999433159828186,0,0.0,1.0,2,2,0,2
crop_2807.png,34,34,1,0.9980014562606812,0,0.0,1.0,2,2,0,2
crop_1996.png,30,30,1,0.9721037149429321,0,0.0,1.0,2,2,0,2
crop_0400.png,67,7,0,0.983431875705719,1,0.5,0.5,2,1,-1,2
crop_1943.png,22,22,1,0.999985933303833,0,0.0,1.0,2,2,0,2
crop_2431.png,29,29,1,0.9997776746749878,0,0.0,1.0,2,2,0,2
crop_0697.png,32,32,1,0.9979006052017212,0,0.0,1.0,2,2,0,2
crop_1959.png,35,3.5,0,0.9993608593940735,1,0.5,0.5,2,3,1,2
crop_1762.png,13,13,1,0.9551599621772766,0,0.0,1.0,2,2,0,2
crop_1251.png,47,47.,0,0.9450507760047913,1,0.5,0.5,2,3,1,2
crop_0148.png,63,63,1,0.999988853931427,0,0.0,1.0,2,2,0,2
crop_1361.png,10,10,1,0.9981003999710083,0,0.0,1.0,2,2,0,2
crop_0484.png,65,65,1,0.9999722242355347,0,0.0,1.0,2,2,0,2
crop_1602.png,40,40,1,0.9980290532112122,0,0.0,1.0,2,2,0,2
crop_2336.png,7,7,1,0.9999884366989136,0,0.0,1.0,1,1,0,1
crop_1298.png,29,29,1,0.9976218938827515,0,0.0,1.0,2,2,0,2
crop_0119.png,60,60,1,0.9787535071372986,0,0.0,1.0,2,2,0,2
crop_0224.png,35,35,1,0.9997701644897461,0,0.0,1.0,2,2,0,2
crop_1281.png,29,29,1,0.9984962940216064,0,0.0,1.0,2,2,0,2
crop_2451.png,25,,0,,2,1.0,0.0,2,0,-2,2
crop_1009.png,4,,0,,1,1.0,0.0,1,0,-1,1
crop_2388.png,10,10,1,0.8516882658004761,0,0.0,1.0,2,2,0,2
crop_0801.png,59,59,1,0.8955715894699097,0,0.0,1.0,2,2,0,2
crop_2248.png,31,31,1,0.8942734003067017,0,0.0,1.0,2,2,0,2
crop_1236.png,62,62,1,0.999506950378418,0,0.0,1.0,2,2,0,2
crop_0593.png,38,38,1,0.9989587068557739,0,0.0,1.0,2,2,0,2
crop_0560.png,59,5,0,0.834725022315979,1,0.5,0.5,2,1,-1,2
crop_0034.png,65,65,1,0.996198296546936,0,0.0,1.0,2,2,0,2
crop_1967.png,35,35,1,0.9999343752861023,0,0.0,1.0,2,2,0,2
crop_0123.png,61,61,1,0.925443172454834,0,0.0,1.0,2,2,0,2
crop_0723.png,30,30,1,0.9151169657707214,0,0.0,1.0,2,2,0,2
crop_1691.png,5,5,1,0.9992146492004395,0,0.0,1.0,1,1,0,1
crop_0214.png,52,52,1,0.9951138496398926,0,0.0,1.0,2,2,0,2
crop_0414.png,81,81,1,0.9463457465171814,0,0.0,1.0,2,2,0,2
crop_2680.png,12,12,1,0.9961445331573486,0,0.0,1.0,2,2,0,2
crop_2551.png,16,16,1,0.8501970171928406,0,0.0,1.0,2,2,0,2
crop_2794.png,17,17,1,0.9986194372177124,0,0.0,1.0,2,2,0,2
crop_2344.png,5,5,1,0.9981406927108765,0,0.0,1.0,1,1,0,1
crop_1456.png,9,2,0,0.9905701875686646,1,1.0,0.0,1,1,0,1
crop_1767.png,14,14,1,0.9999260902404785,0,0.0,1.0,2,2,0,2
crop_2144.png,20,20,1,0.9615952968597412,0,0.0,1.0,2,2,0,2
crop_2274.png,10,110,0,0.7899885177612305,1,0.5,0.5,2,3,1,2
crop_0750.png,39,39,1,0.9974778890609741,0,0.0,1.0,2,2,0,2
crop_0272.png,63,63,1,0.9992842674255371,0,0.0,1.0,2,2,0,2
crop_0217.png,31,31,1,0.8745102882385254,0,0.0,1.0,2,2,0,2
crop_1678.png,28,28,1,0.999875545501709,0,0.0,1.0,2,2,0,2
crop_2145.png,28,28,1,0.9985595941543579,0,0.0,1.0,2,2,0,2
crop_1261.png,21,21,1,0.9987305998802185,0,0.0,1.0,2,2,0,2
crop_0376.png,57,57,1,0.9922276735305786,0,0.0,1.0,2,2,0,2
crop_2176.png,28,28,1,0.9999727606773376,0,0.0,1.0,2,2,0,2
crop_1916.png,17,17,1,0.9629441499710083,0,0.0,1.0,2,2,0,2
crop_0065.png,42,42,1,0.9998276233673096,0,0.0,1.0,2,2,0,2
crop_2457.png,15,15,1,0.9702780246734619,0,0.0,1.0,2,2,0,2
crop_0844.png,27,27,1,0.8506686687469482,0,0.0,1.0,2,2,0,2
crop_0429.png,85,85,1,0.9751204252243042,0,0.0,1.0,2,2,0,2
crop_0539.png,6,,0,0.2836107909679413,1,1.0,0.0,1,0,-1,1
crop_2462.png,12,12,1,0.9900301694869995,0,0.0,1.0,2,2,0,2
crop_0916.png,24,24,1,0.9902787208557129,0,0.0,1.0,2,2,0,2
crop_2031.png,16,16,1,0.9975403547286987,0,0.0,1.0,2,2,0,2
crop_2150.png,2,2,1,0.9998138546943665,0,0.0,1.0,1,1,0,1
crop_1102.png,31,31,1,0.7530956268310547,0,0.0,1.0,2,2,0,2
crop_0834.png,43,43,1,0.9995009899139404,0,0.0,1.0,2,2,0,2
crop_1416.png,1,1,1,0.3304484486579895,0,0.0,1.0,1,1,0,1
crop_2879.png,16,16,1,0.948340654373169,0,0.0,1.0,2,2,0,2
crop_2459.png,6,6,1,0.9999788999557495,0,0.0,1.0,1,1,0,1
crop_1930.png,15,15,1,0.859408438205719,0,0.0,1.0,2,2,0,2
crop_0628.png,39,39,1,0.9648820161819458,0,0.0,1.0,2,2,0,2
crop_1508.png,20,20,1,0.9999749660491943,0,0.0,1.0,2,2,0,2
crop_2525.png,23,23,1,0.9997314810752869,0,0.0,1.0,2,2,0,2
crop_0852.png,28,28,1,0.9997096657752991,0,0.0,1.0,2,2,0,2
crop_1289.png,24,24,1,0.9999938607215881,0,0.0,1.0,2,2,0,2
crop_0069.png,52,52,1,0.998731255531311,0,0.0,1.0,2,2,0,2
crop_2382.png,9,9,1,0.9999912977218628,0,0.0,1.0,1,1,0,1
crop_0209.png,41,41,1,0.8490504026412964,0,0.0,1.0,2,2,0,2
crop_1591.png,27,27,1,0.9999082684516907,0,0.0,1.0,2,2,0,2
crop_1844.png,12,12,1,0.9500677585601807,0,0.0,1.0,2,2,0,2
crop_0431.png,120,120,1,0.9970806241035461,0,0.0,1.0,3,3,0,3
crop_2055.png,14,14,1,0.9887306690216064,0,0.0,1.0,2,2,0,2
crop_2192.png,22,2,0,0.7885541319847107,1,0.5,0.5,2,1,-1,2
crop_0708.png,11,,0,0.5882081389427185,2,1.0,0.0,2,0,-2,2
crop_2979.png,14,14,1,0.9998393058776855,0,0.0,1.0,2,2,0,2
crop_2842.png,3,3,1,0.9999850988388062,0,0.0,1.0,1,1,0,1
crop_0940.png,11,11,1,0.7723498344421387,0,0.0,1.0,2,2,0,2
crop_1371.png,12,2,0,0.9937455654144287,1,0.5,0.5,2,1,-1,2
crop_2493.png,21,,0,,2,1.0,0.0,2,0,-2,2
crop_0533.png,30,30,1,0.9251008033752441,0,0.0,1.0,2,2,0,2
crop_0943.png,16,16,1,0.9768812656402588,0,0.0,1.0,2,2,0,2
crop_2987.png,8,8,1,0.9952424764633179,0,0.0,1.0,1,1,0,1
crop_2490.png,45,45,1,0.8814853429794312,0,0.0,1.0,2,2,0,2
crop_1618.png,53,63,0,0.7692877650260925,1,0.5,0.5,2,2,0,2
crop_1737.png,10,10,1,0.9925390481948853,0,0.0,1.0,2,2,0,2
crop_0011.png,48,48,1,0.9998836517333984,0,0.0,1.0,2,2,0,2
crop_0684.png,29,29,1,0.9998714923858643,0,0.0,1.0,2,2,0,2
crop_0457.png,47,47,1,0.9515812993049622,0,0.0,1.0,2,2,0,2
crop_1629.png,44,44,1,0.9706466197967529,0,0.0,1.0,2,2,0,2
crop_0236.png,25,20,0,0.7262892723083496,1,0.5,0.5,2,2,0,2
crop_1928.png,16,16,1,0.9998734593391418,0,0.0,1.0,2,2,0,2
crop_2893.png,11,,0,0.904136598110199,2,1.0,0.0,2,0,-2,2
crop_1263.png,20,20,1,0.9999650120735168,0,0.0,1.0,2,2,0,2
crop_2473.png,45,45,1,0.7630019187927246,0,0.0,1.0,2,2,0,2
crop_2107.png,14,14,1,0.8831123113632202,0,0.0,1.0,2,2,0,2
crop_1113.png,22,23,0,0.9999923706054688,1,0.5,0.5,2,2,0,2
crop_2856.png,9,9,1,0.38937151432037354,0,0.0,1.0,1,1,0,1
crop_2074.png,6,6,1,0.9998015761375427,0,0.0,1.0,1,1,0,1
crop_1758.png,14,14,1,0.8878599405288696,0,0.0,1.0,2,2,0,2
crop_1484.png,16,16,1,0.9828174710273743,0,0.0,1.0,2,2,0,2
crop_1290.png,23,23,1,0.9999478459358215,0,0.0,1.0,2,2,0,2
crop_1253.png,43,43,1,0.9990075826644897,0,0.0,1.0,2,2,0,2
crop_2988.png,6,6,1,0.912696897983551,0,0.0,1.0,1,1,0,1
crop_0831.png,43,43,1,0.9995918273925781,0,0.0,1.0,2,2,0,2
crop_1823.png,18,18,1,0.9920058250427246,0,0.0,1.0,2,2,0,2
crop_2936.png,3,3,1,0.9999804496765137,0,0.0,1.0,1,1,0,1
crop_2005.png,21,2,0,0.9975280165672302,1,0.5,0.5,2,1,-1,2
crop_1768.png,19,19,1,0.9987455606460571,0,0.0,1.0,2,2,0,2
crop_0226.png,3,3,1,0.9998629093170166,0,0.0,1.0,1,1,0,1
crop_0955.png,7,7,1,0.9999911785125732,0,0.0,1.0,1,1,0,1
crop_1498.png,11,11,1,0.9404287934303284,0,0.0,1.0,2,2,0,2
crop_2658.png,7,7,1,0.9999713897705078,0,0.0,1.0,1,1,0,1
crop_1047.png,7,7,1,0.8987067341804504,0,0.0,1.0,1,1,0,1
crop_0274.png,63,63,1,0.9999244809150696,0,0.0,1.0,2,2,0,2
crop_2809.png,18,1,0,0.8146526217460632,1,0.5,0.5,2,1,-1,2
crop_2762.png,11,,0,,2,1.0,0.0,2,0,-2,2
crop_1582.png,25,,0,,2,1.0,0.0,2,0,-2,2
crop_2735.png,9,9,1,0.6800794005393982,0,0.0,1.0,1,1,0,1
crop_2255.png,33,33,1,0.9950007200241089,0,0.0,1.0,2,2,0,2
crop_1151.png,43,43,1,0.9995913505554199,0,0.0,1.0,2,2,0,2
crop_1059.png,26,26,1,0.999911367893219,0,0.0,1.0,2,2,0,2
crop_2723.png,15,2.5,0,0.8332474827766418,2,1.0,0.0,2,3,1,2
crop_1933.png,10,10,1,0.9966498613357544,0,0.0,1.0,2,2,0,2
crop_1695.png,12,12,1,0.9999087452888489,0,0.0,1.0,2,2,0,2
crop_2048.png,14,14,1,0.7827051281929016,0,0.0,1.0,2,2,0,2
crop_2170.png,30,30,1,0.9994544386863708,0,0.0,1.0,2,2,0,2
crop_1831.png,37,37,1,0.8092482089996338,0,0.0,1.0,2,2,0,2
crop_1675.png,12,12,1,0.9996618032455444,0,0.0,1.0,2,2,0,2
crop_1001.png,8,8,1,0.9306680560112,0,0.0,1.0,1,1,0,1
crop_2285.png,52,52,1,0.9985044002532959,0,0.0,1.0,2,2,0,2
crop_2016.png,15,1.5,0,0.8201270699501038,1,0.5,0.5,2,3,1,2
crop_2011.png,13,13,1,0.8126353621482849,0,0.0,1.0,2,2,0,2
crop_1337.png,32,32,1,0.9993842840194702,0,0.0,1.0,2,2,0,2
crop_0390.png,69,69,1,0.9999256730079651,0,0.0,1.0,2,2,0,2
crop_0702.png,31,3,0,0.9997569918632507,1,0.5,0.5,2,1,-1,2
crop_1698.png,9,9,1,0.9987859129905701,0,0.0,1.0,1,1,0,1
crop_2159.png,6,6,1,0.9998593330383301,0,0.0,1.0,1,1,0,1
crop_0714.png,30,30,1,0.7508659958839417,0,0.0,1.0,2,2,0,2
crop_0275.png,58,58,1,0.999636173248291,0,0.0,1.0,2,2,0,2
crop_1586.png,30,30,1,0.7519764304161072,0,0.0,1.0,2,2,0,2
crop_1419.png,1,.,0,0.5116569995880127,1,1.0,0.0,1,1,0,1
crop_1398.png,7,7,1,0.9999920129776001,0,0.0,1.0,1,1,0,1
crop_2747.png,34,,0,,2,1.0,0.0,2,0,-2,2
crop_0804.png,67,67,1,0.9997168183326721,0,0.0,1.0,2,2,0,2
crop_1237.png,62,62,1,0.9997522830963135,0,0.0,1.0,2,2,0,2
crop_0838.png,43,43,1,0.999897301197052,0,0.0,1.0,2,2,0,2
crop_1082.png,25,25,1,0.8560624122619629,0,0.0,1.0,2,2,0,2
crop_2899.png,22,22,1,0.9990055561065674,0,0.0,1.0,2,2,0,2
crop_2332.png,7,7,1,0.871242880821228,0,0.0,1.0,1,1,0,1
crop_0552.png,38,38,1,0.9999867081642151,0,0.0,1.0,2,2,0,2
crop_1708.png,7,7,1,0.7714071273803711,0,0.0,1.0,1,1,0,1
crop_1267.png,20,..,0,0.4783599376678467,2,1.0,0.0,2,2,0,2
crop_2539.png,14,14,1,0.9992956519126892,0,0.0,1.0,2,2,0,2
crop_0314.png,58,58,1,0.7845480442047119,0,0.0,1.0,2,2,0,2
crop_0188.png,37,37,1,0.9988032579421997,0,0.0,1.0,2,2,0,2
crop_0504.png,1,1,1,0.8195959329605103,0,0.0,1.0,1,1,0,1
crop_0496.png,56,56,1,0.9981174468994141,0,0.0,1.0,2,2,0,2
crop_1275.png,32,32,1,0.9998781681060791,0,0.0,1.0,2,2,0,2
crop_1897.png,66,66,1,0.9999914169311523,0,0.0,1.0,2,2,0,2
crop_1390.png,9,9,1,0.9997424483299255,0,0.0,1.0,1,1,0,1
crop_0394.png,34,34,1,0.9999891519546509,0,0.0,1.0,2,2,0,2
crop_2095.png,11,,0,0.4811006784439087,2,1.0,0.0,2,0,-2,2
crop_2492.png,40,40,1,0.9780307412147522,0,0.0,1.0,2,2,0,2
crop_1752.png,7,,0,,1,1.0,0.0,1,0,-1,1
crop_2685.png,11,,0,0.861484169960022,2,1.0,0.0,2,0,-2,2
crop_0081.png,84,8,0,0.9993113279342651,1,0.5,0.5,2,1,-1,2
crop_1763.png,13,43,0,0.7435770630836487,1,0.5,0.5,2,2,0,2
crop_1445.png,12,12,1,0.9991220235824585,0,0.0,1.0,2,2,0,2
crop_0540.png,15,15,1,0.9986898899078369,0,0.0,1.0,2,2,0,2
crop_1057.png,27,27,1,0.9999943971633911,0,0.0,1.0,2,2,0,2
crop_0806.png,75,75,1,0.9997614026069641,0,0.0,1.0,2,2,0,2
crop_0476.png,37,37,1,0.9999804496765137,0,0.0,1.0,2,2,0,2
crop_2882.png,25,23,0,0.9912862181663513,1,0.5,0.5,2,2,0,2
crop_1825.png,17,17,1,0.9910033345222473,0,0.0,1.0,2,2,0,2
crop_0334.png,66,66,1,0.9996758699417114,0,0.0,1.0,2,2,0,2
crop_2867.png,5,,0,,1,1.0,0.0,1,0,-1,1
crop_2653.png,4,4,1,0.9994274377822876,0,0.0,1.0,1,1,0,1
crop_1474.png,9,,0,,1,1.0,0.0,1,0,-1,1
crop_2100.png,10,0,0,0.547033429145813,1,0.5,0.5,2,1,-1,2
crop_1911.png,22,22,1,0.9996444582939148,0,0.0,1.0,2,2,0,2
crop_1339.png,22,22,1,0.8400483727455139,0,0.0,1.0,2,2,0,2
crop_0854.png,26,26,1,0.9999787211418152,0,0.0,1.0,2,2,0,2
crop_0136.png,68,68,1,0.9999138712882996,0,0.0,1.0,2,2,0,2
crop_0609.png,20,20,1,0.9993086457252502,0,0.0,1.0,2,2,0,2
crop_0228.png,28,28,1,0.9976913332939148,0,0.0,1.0,2,2,0,2
crop_0958.png,7,7,1,0.8526108860969543,0,0.0,1.0,1,1,0,1
crop_0599.png,36,36,1,0.999616801738739,0,0.0,1.0,2,2,0,2
crop_0775.png,80,80,1,0.9167118072509766,0,0.0,1.0,2,2,0,2
crop_1111.png,23,23,1,0.9996894598007202,0,0.0,1.0,2,2,0,2
crop_1706.png,10,,0,0.9939625859260559,2,1.0,0.0,2,0,-2,2
crop_1063.png,32,32,1,0.9999670386314392,0,0.0,1.0,2,2,0,2
crop_2428.png,32,32,1,0.9993946552276611,0,0.0,1.0,2,2,0,2
crop_2670.png,7,7,1,0.9999927282333374,0,0.0,1.0,1,1,0,1
crop_0071.png,40,4,0,0.9985442161560059,1,0.5,0.5,2,1,-1,2
crop_2423.png,34,34,1,0.9999785423278809,0,0.0,1.0,2,2,0,2
crop_0048.png,70,70,1,0.9982980489730835,0,0.0,1.0,2,2,0,2
crop_0342.png,5,5,1,0.9965124726295471,0,0.0,1.0,1,1,0,1
crop_1689.png,8,8,1,0.9945302605628967,0,0.0,1.0,1,1,0,1
crop_2796.png,20,20,1,0.9990286231040955,0,0.0,1.0,2,2,0,2
crop_1334.png,29,,0,0.13767433166503906,2,1.0,0.0,2,0,-2,2
crop_2683.png,12,12,1,0.7783286571502686,0,0.0,1.0,2,2,0,2
crop_2238.png,11,,0,0.5887340903282166,2,1.0,0.0,2,0,-2,2
crop_0554.png,34,34,1,0.9999896287918091,0,0.0,1.0,2,2,0,2
crop_2133.png,12,72,0,0.9154518246650696,1,0.5,0.5,2,2,0,2
crop_1152.png,22,22,1,0.8417580127716064,0,0.0,1.0,2,2,0,2
crop_2020.png,11,1,0,0.6931458115577698,1,0.5,0.5,2,1,-1,2
crop_1514.png,11,,0,0.7984599471092224,2,1.0,0.0,2,0,-2,2
crop_1542.png,10,410,0,0.9059622287750244,1,0.5,0.5,2,3,1,2
crop_1122.png,28,28,1,0.9908486604690552,0,0.0,1.0,2,2,0,2
crop_0098.png,54,54,1,0.9996612071990967,0,0.0,1.0,2,2,0,2
crop_0387.png,34,34,1,0.999645471572876,0,0.0,1.0,2,2,0,2
crop_2914.png,9,9,1,0.9961752891540527,0,0.0,1.0,1,1,0,1
crop_1947.png,27,27,1,0.9999552369117737,0,0.0,1.0,2,2,0,2
crop_1748.png,7,7,1,0.9919039607048035,0,0.0,1.0,1,1,0,1
crop_2601.png,13,13,1,0.9747004508972168,0,0.0,1.0,2,2,0,2
crop_0832.png,52,52,1,0.9994461536407471,0,0.0,1.0,2,2,0,2
crop_2514.png,7,7,1,0.9996458292007446,0,0.0,1.0,1,1,0,1
crop_0007.png,41,41,1,0.9771760702133179,0,0.0,1.0,2,2,0,2
crop_1696.png,11,11,1,0.9745367169380188,0,0.0,1.0,2,2,0,2
crop_0367.png,66,66,1,0.9786162376403809,0,0.0,1.0,2,2,0,2
crop_2404.png,10,10,1,0.9986144304275513,0,0.0,1.0,2,2,0,2
crop_2322.png,7,7,1,0.9999836683273315,0,0.0,1.0,1,1,0,1
crop_0668.png,47,47,1,0.9990569949150085,0,0.0,1.0,2,2,0,2
crop_0553.png,38,38,1,0.9982046484947205,0,0.0,1.0,2,2,0,2
crop_2775.png,14,14,1,0.9892458915710449,0,0.0,1.0,2,2,0,2
crop_1534.png,26,20,0,0.9940364360809326,1,0.5,0.5,2,2,0,2
crop_0279.png,60,,0,0.8622469902038574,2,1.0,0.0,2,0,-2,2
crop_2090.png,9,19,0,0.7646791934967041,1,1.0,0.0,1,2,1,1
crop_0704.png,19,19,1,0.999115526676178,0,0.0,1.0,2,2,0,2
crop_0954.png,6,6,1,0.8239989280700684,0,0.0,1.0,1,1,0,1
crop_1682.png,15,15,1,0.9759058952331543,0,0.0,1.0,2,2,0,2
crop_1935.png,24,24,1,0.999954104423523,0,0.0,1.0,2,2,0,2
crop_2152.png,3,3,1,0.9999822378158569,0,0.0,1.0,1,1,0,1
crop_2363.png,7,7,1,0.9967573285102844,0,0.0,1.0,1,1,0,1
crop_1160.png,9,0,0,0.9171968102455139,1,1.0,0.0,1,1,0,1
crop_0595.png,44,44,1,0.9999844431877136,0,0.0,1.0,2,2,0,2
crop_0009.png,44,44,1,0.9999778866767883,0,0.0,1.0,2,2,0,2
crop_0537.png,8,8,1,0.9956860542297363,0,0.0,1.0,1,1,0,1
crop_1487.png,25,25,1,0.9938453435897827,0,0.0,1.0,2,2,0,2
crop_0964.png,1,3,0,0.626481831073761,1,1.0,0.0,1,1,0,1
crop_1580.png,23,23,1,0.9979468584060669,0,0.0,1.0,2,2,0,2
crop_2834.png,2,2,1,0.9999804496765137,0,0.0,1.0,1,1,0,1
crop_1945.png,29,29,1,0.9999828338623047,0,0.0,1.0,2,2,0,2
crop_1710.png,19,19,1,0.9921765327453613,0,0.0,1.0,2,2,0,2
crop_0427.png,101,11,0,0.6875225901603699,1,0.3333333333333333,0.6666666666666667,3,2,-1,3
crop_0179.png,43,4.3,0,0.896212100982666,1,0.5,0.5,2,3,1,2
crop_1137.png,32,32,1,0.9997742176055908,0,0.0,1.0,2,2,0,2
crop_2986.png,11,1,0,0.27851247787475586,1,0.5,0.5,2,1,-1,2
crop_0091.png,47,47,1,0.999862790107727,0,0.0,1.0,2,2,0,2
crop_2726.png,11,11,1,0.9835008382797241,0,0.0,1.0,2,2,0,2
crop_2301.png,12,12,1,0.9986616373062134,0,0.0,1.0,2,2,0,2
crop_1172.png,44,44,1,0.9996613264083862,0,0.0,1.0,2,2,0,2
crop_2165.png,29,29,1,0.9969341158866882,0,0.0,1.0,2,2,0,2
crop_0946.png,12,52,0,0.8531614542007446,1,0.5,0.5,2,2,0,2
crop_2420.png,32,32,1,0.9995712041854858,0,0.0,1.0,2,2,0,2
crop_1631.png,40,40,1,0.9816770553588867,0,0.0,1.0,2,2,0,2
crop_0416.png,90,90,1,0.8936172723770142,0,0.0,1.0,2,2,0,2
crop_1155.png,11,,0,0.6266952157020569,2,1.0,0.0,2,0,-2,2
crop_1764.png,12,12,1,0.8847556114196777,0,0.0,1.0,2,2,0,2
crop_0842.png,41,40,0,0.8111789226531982,1,0.5,0.5,2,2,0,2
crop_0926.png,23,23,1,0.9988593459129333,0,0.0,1.0,2,2,0,2
crop_2038.png,14,14,1,0.9956677556037903,0,0.0,1.0,2,2,0,2
crop_0338.png,52,52,1,0.9982844591140747,0,0.0,1.0,2,2,0,2
crop_0423.png,116,6,0,0.8052882552146912,2,0.6666666666666666,0.33333333333333337,3,1,-2,3
crop_3011.png,3,3,1,0.9999793767929077,0,0.0,1.0,1,1,0,1
crop_2398.png,13,13,1,0.9992908239364624,0,0.0,1.0,2,2,0,2
crop_1724.png,12,12,1,0.9990940093994141,0,0.0,1.0,2,2,0,2
crop_0231.png,14,14,1,0.9947875738143921,0,0.0,1.0,2,2,0,2
crop_1626.png,47,47,1,0.9999116659164429,0,0.0,1.0,2,2,0,2
crop_0732.png,29,29,1,0.9997985363006592,0,0.0,1.0,2,2,0,2
crop_1954.png,29,22,0,0.6958820223808289,1,0.5,0.5,2,2,0,2
crop_1409.png,5,5,1,0.9747777581214905,0,0.0,1.0,1,1,0,1
crop_2953.png,1,1,1,0.7752224802970886,0,0.0,1.0,1,1,0,1
crop_2240.png,29,20,0,0.5837427973747253,1,0.5,0.5,2,2,0,2
crop_2901.png,20,20,1,0.9999427199363708,0,0.0,1.0,2,2,0,2
crop_1714.png,15,15,1,0.9937846660614014,0,0.0,1.0,2,2,0,2
crop_0551.png,37,37,1,0.999943196773529,0,0.0,1.0,2,2,0,2
crop_0206.png,30,27,0,0.9984309077262878,2,1.0,0.0,2,2,0,2
crop_1880.png,16,6,0,0.773231029510498,1,0.5,0.5,2,1,-1,2
crop_1932.png,16,16,1,0.9963876008987427,0,0.0,1.0,2,2,0,2
crop_2860.png,33,33,1,0.9989306926727295,0,0.0,1.0,2,2,0,2
crop_0452.png,70,70,1,0.9363259077072144,0,0.0,1.0,2,2,0,2
crop_1161.png,19,9,0,0.987028956413269,1,0.5,0.5,2,1,-1,2
crop_0846.png,32,32,1,0.9999538660049438,0,0.0,1.0,2,2,0,2
crop_0584.png,52,52,1,0.9988747239112854,0,0.0,1.0,2,2,0,2
crop_1668.png,13,13,1,0.9731003642082214,0,0.0,1.0,2,2,0,2
crop_2645.png,12,22,0,0.9239568114280701,1,0.5,0.5,2,2,0,2
crop_0149.png,60,60,1,0.9094684720039368,0,0.0,1.0,2,2,0,2
crop_2705.png,7,7,1,0.9998003840446472,0,0.0,1.0,1,1,0,1
crop_1343.png,21,2,0,0.7150644659996033,1,0.5,0.5,2,1,-1,2
crop_1677.png,20,20,1,0.9999846816062927,0,0.0,1.0,2,2,0,2
crop_0556.png,34,34,1,0.9998595714569092,0,0.0,1.0,2,2,0,2
crop_2558.png,19,19,1,0.9997329711914062,0,0.0,1.0,2,2,0,2
crop_1114.png,22,22,1,0.999993085861206,0,0.0,1.0,2,2,0,2
crop_1814.png,18,18,1,0.9993867874145508,0,0.0,1.0,2,2,0,2
crop_0573.png,56,56,1,0.9998548030853271,0,0.0,1.0,2,2,0,2
crop_2098.png,13,23,0,0.9778193235397339,1,0.5,0.5,2,2,0,2
crop_2925.png,7,7,1,0.9999810457229614,0,0.0,1.0,1,1,0,1
crop_2130.png,15,15,1,0.6340438723564148,0,0.0,1.0,2,2,0,2
crop_2019.png,9,9,1,0.9999897480010986,0,0.0,1.0,1,1,0,1
crop_0614.png,19,19,1,0.9964563846588135,0,0.0,1.0,2,2,0,2
crop_2659.png,4,4,1,0.9998972415924072,0,0.0,1.0,1,1,0,1
crop_1713.png,10,10,1,0.9860453605651855,0,0.0,1.0,2,2,0,2
crop_1796.png,16,16,1,0.9967140555381775,0,0.0,1.0,2,2,0,2
crop_0305.png,46,46,1,0.9989290237426758,0,0.0,1.0,2,2,0,2
crop_0691.png,32,32,1,0.9986258745193481,0,0.0,1.0,2,2,0,2
crop_1064.png,30,30,1,0.958161473274231,0,0.0,1.0,2,2,0,2
crop_0252.png,57,57,1,0.9990481734275818,0,0.0,1.0,2,2,0,2
crop_0196.png,28,28,1,0.9999292492866516,0,0.0,1.0,2,2,0,2
crop_0885.png,36,36,1,0.9995590448379517,0,0.0,1.0,2,2,0,2
crop_1788.png,19,19,1,0.7559624314308167,0,0.0,1.0,2,2,0,2
crop_2352.png,8,8.,0,0.9388494491577148,1,1.0,0.0,1,2,1,1
crop_1176.png,48,48,1,0.9557027220726013,0,0.0,1.0,2,2,0,2
crop_2260.png,15,15,1,0.8758494853973389,0,0.0,1.0,2,2,0,2
crop_0993.png,1,,0,,1,1.0,0.0,1,0,-1,1
crop_2147.png,13,13,1,0.9401369094848633,0,0.0,1.0,2,2,0,2
crop_2964.png,6,6,1,0.999601423740387,0,0.0,1.0,1,1,0,1
crop_0934.png,18,,0,0.5207765102386475,2,1.0,0.0,2,0,-2,2
crop_2330.png,6,6,1,0.9999061822891235,0,0.0,1.0,1,1,0,1
crop_0887.png,32,32,1,0.999820351600647,0,0.0,1.0,2,2,0,2
crop_1578.png,22,,0,,2,1.0,0.0,2,0,-2,2
crop_2201.png,10,10,1,0.8269780278205872,0,0.0,1.0,2,2,0,2
crop_2739.png,11,11,1,0.6692570447921753,0,0.0,1.0,2,2,0,2
crop_1789.png,21,2,0,0.8274872303009033,1,0.5,0.5,2,1,-1,2
crop_0677.png,35,35,1,0.9999670386314392,0,0.0,1.0,2,2,0,2
crop_0141.png,62,62,1,0.9998583793640137,0,0.0,1.0,2,2,0,2
crop_1598.png,25,25,1,0.9998462200164795,0,0.0,1.0,2,2,0,2
crop_2272.png,1,,0,,1,1.0,0.0,1,0,-1,1
crop_1828.png,18,18,1,0.8733171224594116,0,0.0,1.0,2,2,0,2
crop_2226.png,7,7,1,0.9999915361404419,0,0.0,1.0,1,1,0,1
crop_2154.png,7,7,1,0.999984860420227,0,0.0,1.0,1,1,0,1
crop_0422.png,84,84,1,0.9999223947525024,0,0.0,1.0,2,2,0,2
crop_0155.png,63,,0,0.7321906089782715,2,1.0,0.0,2,0,-2,2
crop_2870.png,8,8,1,0.7086592316627502,0,0.0,1.0,1,1,0,1
crop_2635.png,10,10,1,0.9288849830627441,0,0.0,1.0,2,2,0,2
crop_1923.png,41,41,1,0.9128071069717407,0,0.0,1.0,2,2,0,2
crop_2294.png,3,3,1,0.9999735355377197,0,0.0,1.0,1,1,0,1
crop_0195.png,11,11,1,0.8774764537811279,0,0.0,1.0,2,2,0,2
crop_1992.png,32,32,1,0.9415701627731323,0,0.0,1.0,2,2,0,2
crop_2287.png,25,.25,0,0.9050386548042297,1,0.5,0.5,2,3,1,2
crop_1628.png,43,43,1,0.8334395885467529,0,0.0,1.0,2,2,0,2
crop_2748.png,43,4.3,0,0.9193914532661438,1,0.5,0.5,2,3,1,2
crop_1312.png,25,25,1,0.9991396069526672,0,0.0,1.0,2,2,0,2
crop_1824.png,18,18,1,0.9625154137611389,0,0.0,1.0,2,2,0,2
crop_2387.png,11,,0,0.8446240425109863,2,1.0,0.0,2,0,-2,2
crop_1749.png,13,.3,0,0.8665399551391602,1,0.5,0.5,2,2,0,2
crop_2316.png,2,2,1,0.994154155254364,0,0.0,1.0,1,1,0,1
crop_2681.png,11,,0,0.9966471791267395,2,1.0,0.0,2,0,-2,2
crop_0883.png,33,33,1,0.9999452233314514,0,0.0,1.0,2,2,0,2
crop_0713.png,29,29,1,0.9999358057975769,0,0.0,1.0,2,2,0,2
crop_1443.png,11,11,1,0.9772419929504395,0,0.0,1.0,2,2,0,2
crop_1740.png,21,21,1,0.9918452501296997,0,0.0,1.0,2,2,0,2
crop_2513.png,23,23,1,0.8894408345222473,0,0.0,1.0,2,2,0,2
crop_1961.png,40,40,1,0.7136500477790833,0,0.0,1.0,2,2,0,2
crop_0678.png,32,32,1,0.9998682737350464,0,0.0,1.0,2,2,0,2
crop_0729.png,12,12,1,0.9997745752334595,0,0.0,1.0,2,2,0,2
crop_0027.png,62,62,1,0.9984596967697144,0,0.0,1.0,2,2,0,2
crop_2691.png,2,2,1,0.999976634979248,0,0.0,1.0,1,1,0,1
crop_2898.png,18,18,1,0.9881454706192017,0,0.0,1.0,2,2,0,2
crop_1574.png,23,23,1,0.9999781250953674,0,0.0,1.0,2,2,0,2
crop_0906.png,26,26,1,0.9998857975006104,0,0.0,1.0,2,2,0,2
crop_1962.png,35,35,1,0.9999281167984009,0,0.0,1.0,2,2,0,2
crop_1209.png,56,.56,0,0.9519508481025696,1,0.5,0.5,2,3,1,2
crop_1169.png,8,,0,0.7152799367904663,1,1.0,0.0,1,0,-1,1
crop_0017.png,56,56,1,0.9289757013320923,0,0.0,1.0,2,2,0,2
crop_1128.png,31,31,1,0.8247259855270386,0,0.0,1.0,2,2,0,2
crop_1046.png,12,12,1,0.9999861717224121,0,0.0,1.0,2,2,0,2
crop_0576.png,54,54,1,0.9974268674850464,0,0.0,1.0,2,2,0,2
crop_0501.png,3,3,1,0.9999911785125732,0,0.0,1.0,1,1,0,1
crop_0545.png,33,33,1,0.9999615550041199,0,0.0,1.0,2,2,0,2
crop_2960.png,11,,0,0.45379772782325745,2,1.0,0.0,2,0,-2,2
crop_1199.png,59,59,1,0.9997486472129822,0,0.0,1.0,2,2,0,2
crop_2500.png,15,15,1,0.9963498115539551,0,0.0,1.0,2,2,0,2
crop_0607.png,35,35,1,0.9999822378158569,0,0.0,1.0,2,2,0,2
crop_1134.png,34,34,1,0.9797002673149109,0,0.0,1.0,2,2,0,2
crop_1423.png,6,6,1,0.5824887752532959,0,0.0,1.0,1,1,0,1
crop_0740.png,9,9,1,0.992836058139801,0,0.0,1.0,1,1,0,1
crop_1252.png,45,45,1,0.9999714493751526,0,0.0,1.0,2,2,0,2
crop_1463.png,17,27,0,0.8242244720458984,1,0.5,0.5,2,2,0,2
crop_1032.png,17,17.,0,0.82545405626297,1,0.5,0.5,2,3,1,2
crop_2009.png,6,6,1,0.9976418018341064,0,0.0,1.0,1,1,0,1
crop_0143.png,58,58,1,0.9971562623977661,0,0.0,1.0,2,2,0,2
crop_1803.png,23,2.3,0,0.9994136691093445,1,0.5,0.5,2,3,1,2
crop_1318.png,29,29,1,0.999920666217804,0,0.0,1.0,2,2,0,2
crop_0152.png,63,63,1,0.9994504451751709,0,0.0,1.0,2,2,0,2
crop_2942.png,10,,0,0.4369007349014282,2,1.0,0.0,2,0,-2,2
crop_2902.png,26,20,0,0.9999427199363708,1,0.5,0.5,2,2,0,2
crop_2940.png,11,,0,0.1928143948316574,2,1.0,0.0,2,0,-2,2
crop_1929.png,16,16,1,0.9735673666000366,0,0.0,1.0,2,2,0,2
crop_1006.png,2,2,1,0.999985933303833,0,0.0,1.0,1,1,0,1
crop_2611.png,2,2,1,0.9990994930267334,0,0.0,1.0,1,1,0,1
crop_1163.png,11,,0,0.23745609819889069,2,1.0,0.0,2,0,-2,2
crop_2284.png,28,2,0,0.8895745277404785,1,0.5,0.5,2,1,-1,2
crop_2138.png,22,22,1,0.9999924302101135,0,0.0,1.0,2,2,0,2
crop_2076.png,17,7,0,0.4138970375061035,1,0.5,0.5,2,1,-1,2
crop_2499.png,3,3,1,0.9983658194541931,0,0.0,1.0,1,1,0,1
crop_1127.png,31,31,1,0.9767359495162964,0,0.0,1.0,2,2,0,2
crop_2844.png,48,48,1,0.999935507774353,0,0.0,1.0,2,2,0,2
crop_1189.png,80,80,1,0.6299895644187927,0,0.0,1.0,2,2,0,2
crop_1735.png,8,,0,0.9904569983482361,1,1.0,0.0,1,0,-1,1
crop_2894.png,16,10,0,0.509182333946228,1,0.5,0.5,2,2,0,2
crop_2475.png,36,36,1,0.9999608397483826,0,0.0,1.0,2,2,0,2
crop_1048.png,11,,0,0.8282786011695862,2,1.0,0.0,2,0,-2,2
crop_2749.png,25,25,1,0.9978878498077393,0,0.0,1.0,2,2,0,2
crop_0762.png,55,35,0,0.7687288522720337,1,0.5,0.5,2,2,0,2
crop_2115.png,8,8,1,0.9804455637931824,0,0.0,1.0,1,1,0,1
crop_0121.png,43,43,1,0.9517366290092468,0,0.0,1.0,2,2,0,2
crop_2406.png,7,7,1,0.9999685287475586,0,0.0,1.0,1,1,0,1
crop_1820.png,22,22,1,0.99997878074646,0,0.0,1.0,2,2,0,2
crop_1457.png,10,10,1,0.9956627488136292,0,0.0,1.0,2,2,0,2
crop_1723.png,12,12,1,0.9983862638473511,0,0.0,1.0,2,2,0,2
crop_0927.png,19,19,1,0.8983734846115112,0,0.0,1.0,2,2,0,2
crop_0461.png,50,50,1,0.8955309391021729,0,0.0,1.0,2,2,0,2
crop_1492.png,14,14,1,0.9982861280441284,0,0.0,1.0,2,2,0,2
crop_0395.png,35,35,1,0.9999379515647888,0,0.0,1.0,2,2,0,2
crop_2770.png,14,14,1,0.9509544372558594,0,0.0,1.0,2,2,0,2
crop_1973.png,32,32,1,0.9998297691345215,0,0.0,1.0,2,2,0,2
crop_2862.png,22,.1,0,0.5727705955505371,2,1.0,0.0,2,2,0,2
crop_1475.png,5,5,1,0.8160886764526367,0,0.0,1.0,1,1,0,1
crop_2673.png,9,9,1,0.9998788833618164,0,0.0,1.0,1,1,0,1
crop_2881.png,20,20,1,0.9999631643295288,0,0.0,1.0,2,2,0,2
crop_1386.png,8,8,1,0.8274732232093811,0,0.0,1.0,1,1,0,1
crop_2575.png,15,15,1,0.997650146484375,0,0.0,1.0,2,2,0,2
crop_0410.png,83,8,0,0.9973719120025635,1,0.5,0.5,2,1,-1,2
crop_0818.png,87,87,1,0.9983959794044495,0,0.0,1.0,2,2,0,2
crop_1477.png,17,17,1,0.7591350078582764,0,0.0,1.0,2,2,0,2
crop_2422.png,31,3,0,0.9656647443771362,1,0.5,0.5,2,1,-1,2
crop_2122.png,12,22,0,0.999945342540741,1,0.5,0.5,2,2,0,2
crop_2516.png,21,21,1,0.8960471153259277,0,0.0,1.0,2,2,0,2
crop_1539.png,16,7,0,0.9487060904502869,2,1.0,0.0,2,1,-1,2
crop_1178.png,51,51,1,0.9519755840301514,0,0.0,1.0,2,2,0,2
crop_2367.png,9,,0,0.7649086117744446,1,1.0,0.0,1,0,-1,1
crop_2714.png,1,,0,,1,1.0,0.0,1,0,-1,1
crop_0549.png,42,42,1,0.9999441504478455,0,0.0,1.0,2,2,0,2
crop_1994.png,32,32,1,0.9999699592590332,0,0.0,1.0,2,2,0,2
crop_2063.png,15,16,0,0.6814345717430115,1,0.5,0.5,2,2,0,2
crop_0688.png,29,29,1,0.9999259114265442,0,0.0,1.0,2,2,0,2
crop_2290.png,6,6,1,0.8237259984016418,0,0.0,1.0,1,1,0,1
crop_2037.png,14,14,1,0.9991707801818848,0,0.0,1.0,2,2,0,2
crop_0506.png,40,40,1,0.8948525190353394,0,0.0,1.0,2,2,0,2
crop_1773.png,20,20,1,0.9999041557312012,0,0.0,1.0,2,2,0,2
crop_2687.png,2,2,1,0.9994747042655945,0,0.0,1.0,1,1,0,1
crop_0049.png,70,70,1,0.9877829551696777,0,0.0,1.0,2,2,0,2
crop_0361.png,7,7,1,0.9840287566184998,0,0.0,1.0,1,1,0,1
crop_0597.png,37,37,1,0.9985705018043518,0,0.0,1.0,2,2,0,2
crop_0220.png,28,28,1,0.999939501285553,0,0.0,1.0,2,2,0,2
crop_2173.png,28,28,1,0.9996113181114197,0,0.0,1.0,2,2,0,2
crop_2329.png,2,2,1,0.999835729598999,0,0.0,1.0,1,1,0,1
crop_2891.png,15,,0,0.9550876021385193,2,1.0,0.0,2,0,-2,2
crop_0402.png,72,72,1,0.9998915195465088,0,0.0,1.0,2,2,0,2
crop_2497.png,9,9,1,0.9990504384040833,0,0.0,1.0,1,1,0,1
crop_0023.png,56,56,1,0.9578713774681091,0,0.0,1.0,2,2,0,2
crop_0805.png,72,72,1,0.9996670484542847,0,0.0,1.0,2,2,0,2
crop_1212.png,51,57,0,0.9668930172920227,1,0.5,0.5,2,2,0,2
crop_0748.png,33,3.3,0,0.9580578804016113,1,0.5,0.5,2,3,1,2
crop_1963.png,37,37,1,0.9998857975006104,0,0.0,1.0,2,2,0,2
crop_0773.png,67,67,1,0.9923909306526184,0,0.0,1.0,2,2,0,2
crop_2508.png,26,26,1,0.9999794960021973,0,0.0,1.0,2,2,0,2
crop_1888.png,30,30,1,0.9781688451766968,0,0.0,1.0,2,2,0,2
crop_1549.png,25,,0,0.5794041752815247,2,1.0,0.0,2,0,-2,2
crop_0978.png,2,2,1,0.9998595714569092,0,0.0,1.0,1,1,0,1
crop_1791.png,20,20,1,0.9997498989105225,0,0.0,1.0,2,2,0,2
crop_0591.png,43,43,1,0.9957380890846252,0,0.0,1.0,2,2,0,2
crop_2346.png,11,11,1,0.9007564783096313,0,0.0,1.0,2,2,0,2
crop_1007.png,2,2,1,0.9998279809951782,0,0.0,1.0,1,1,0,1
crop_1066.png,33,33,1,0.9999944567680359,0,0.0,1.0,2,2,0,2
crop_2104.png,12,12,1,0.9984495043754578,0,0.0,1.0,2,2,0,2
crop_2062.png,19,19,1,0.9998692274093628,0,0.0,1.0,2,2,0,2
crop_2632.png,7,7,1,0.9999682903289795,0,0.0,1.0,1,1,0,1
crop_1670.png,10,10,1,0.9964299201965332,0,0.0,1.0,2,2,0,2
crop_1739.png,24,24,1,0.9999741315841675,0,0.0,1.0,2,2,0,2
crop_0099.png,69,69,1,0.9999676942825317,0,0.0,1.0,2,2,0,2
crop_0144.png,64,64,1,0.9973016381263733,0,0.0,1.0,2,2,0,2
crop_2362.png,9,9,1,0.9994076490402222,0,0.0,1.0,1,1,0,1
crop_2405.png,5,5,1,0.9851651191711426,0,0.0,1.0,1,1,0,1
crop_2810.png,34,34,1,0.9998331069946289,0,0.0,1.0,2,2,0,2
crop_1191.png,75,75,1,0.9999294877052307,0,0.0,1.0,2,2,0,2
crop_2479.png,9,2,0,0.9859204888343811,1,1.0,0.0,1,1,0,1
crop_0247.png,54,54,1,0.9997093677520752,0,0.0,1.0,2,2,0,2
crop_2742.png,16,16,1,0.9873482584953308,0,0.0,1.0,2,2,0,2
crop_2993.png,8,,0,0.7859542965888977,1,1.0,0.0,1,0,-1,1
crop_2296.png,6,6,1,0.9954907298088074,0,0.0,1.0,1,1,0,1
crop_0527.png,1,1,1,0.9925873875617981,0,0.0,1.0,1,1,0,1
crop_0981.png,1,1,1,0.9987092018127441,0,0.0,1.0,1,1,0,1
crop_2157.png,4,4,1,0.9903345704078674,0,0.0,1.0,1,1,0,1
crop_2320.png,5,5,1,0.9992455244064331,0,0.0,1.0,1,1,0,1
crop_1280.png,27,27,1,0.9999698400497437,0,0.0,1.0,2,2,0,2
crop_2737.png,8,8,1,0.9863684773445129,0,0.0,1.0,1,1,0,1
crop_2945.png,12,12,1,0.9978299140930176,0,0.0,1.0,2,2,0,2
crop_1854.png,14,...14.,0,0.7878533005714417,4,2.0,0.0,2,6,4,2
crop_0320.png,48,46,0,0.9337199926376343,1,0.5,0.5,2,2,0,2
crop_1906.png,28,28,1,0.9962838888168335,0,0.0,1.0,2,2,0,2
crop_2188.png,32,32,1,0.8405418395996094,0,0.0,1.0,2,2,0,2
crop_2277.png,7,,0,,1,1.0,0.0,1,0,-1,1
crop_2613.png,5,5,1,0.9986506104469299,0,0.0,1.0,1,1,0,1
crop_2064.png,18,18,1,0.8729881048202515,0,0.0,1.0,2,2,0,2
crop_2754.png,18,18,1,0.9953587055206299,0,0.0,1.0,2,2,0,2
crop_0425.png,116,116,1,0.9099850654602051,0,0.0,1.0,3,3,0,3
crop_0450.png,64,64,1,0.9723517894744873,0,0.0,1.0,2,2,0,2
crop_1294.png,31,31,1,0.9329501986503601,0,0.0,1.0,2,2,0,2
crop_0061.png,65,65,1,0.9997820854187012,0,0.0,1.0,2,2,0,2
crop_0705.png,20,20,1,0.9998431205749512,0,0.0,1.0,2,2,0,2
crop_1062.png,30,30,1,0.9355695247650146,0,0.0,1.0,2,2,0,2
crop_2065.png,17,17,1,0.9996675252914429,0,0.0,1.0,2,2,0,2
crop_2030.png,14,14,1,0.9981498718261719,0,0.0,1.0,2,2,0,2
crop_1013.png,1,,0,,1,1.0,0.0,1,0,-1,1
crop_0701.png,27,27,1,0.9988683462142944,0,0.0,1.0,2,2,0,2
crop_1522.png,16,16,1,0.987648606300354,0,0.0,1.0,2,2,0,2
crop_3004.png,1,,0,,1,1.0,0.0,1,0,-1,1
crop_2092.png,12,12,1,0.9999483227729797,0,0.0,1.0,2,2,0,2
crop_1495.png,8,8,1,0.6574293375015259,0,0.0,1.0,1,1,0,1
crop_1645.png,50,50,1,0.9973112940788269,0,0.0,1.0,2,2,0,2
crop_1855.png,11,,0,0.3271579146385193,2,1.0,0.0,2,0,-2,2
crop_0642.png,33,33,1,0.9993187785148621,0,0.0,1.0,2,2,0,2
crop_2136.png,15,15,1,0.9994213581085205,0,0.0,1.0,2,2,0,2
crop_2282.png,44,,0,,2,1.0,0.0,2,0,-2,2
crop_1021.png,8,8,1,0.953731894493103,0,0.0,1.0,1,1,0,1
crop_1231.png,65,65,1,0.9990784525871277,0,0.0,1.0,2,2,0,2
crop_0426.png,120,120,1,0.9992969632148743,0,0.0,1.0,3,3,0,3
crop_1060.png,26,26,1,0.9996705055236816,0,0.0,1.0,2,2,0,2
crop_2498.png,4,4,1,0.9941123127937317,0,0.0,1.0,1,1,0,1
crop_0215.png,30,30,1,0.9852621555328369,0,0.0,1.0,2,2,0,2
crop_2937.png,6,2,0,0.22312556207180023,1,1.0,0.0,1,1,0,1
crop_2906.png,12,12,1,0.9961683750152588,0,0.0,1.0,2,2,0,2
crop_1561.png,26,,0,,2,1.0,0.0,2,0,-2,2
crop_0789.png,58,58,1,0.9999170303344727,0,0.0,1.0,2,2,0,2
crop_2689.png,1,,0,,1,1.0,0.0,1,0,-1,1
crop_0046.png,67,67,1,0.9979606866836548,0,0.0,1.0,2,2,0,2
crop_2334.png,5,5,1,0.9543752074241638,0,0.0,1.0,1,1,0,1
crop_2784.png,9,9,1,0.865006685256958,0,0.0,1.0,1,1,0,1
crop_1379.png,7,7,1,0.9999717473983765,0,0.0,1.0,1,1,0,1
crop_1190.png,73,73,1,0.9999093413352966,0,0.0,1.0,2,2,0,2
crop_0345.png,6,8,0,0.7645110487937927,1,1.0,0.0,1,1,0,1
crop_1782.png,23,23,1,0.9999032020568848,0,0.0,1.0,2,2,0,2
crop_0737.png,4,,0,,1,1.0,0.0,1,0,-1,1
crop_1532.png,26,26,1,0.9999145865440369,0,0.0,1.0,2,2,0,2
crop_2716.png,13,13,1,0.9656267166137695,0,0.0,1.0,2,2,0,2
crop_2908.png,12,72,0,0.8113883137702942,1,0.5,0.5,2,2,0,2
crop_0985.png,2,2,1,0.9999091625213623,0,0.0,1.0,1,1,0,1
crop_0594.png,45,45,1,0.998807430267334,0,0.0,1.0,2,2,0,2
crop_2589.png,5,5,1,0.9993731379508972,0,0.0,1.0,1,1,0,1
crop_1282.png,30,30,1,0.900381326675415,0,0.0,1.0,2,2,0,2
crop_0656.png,46,46,1,0.9998539686203003,0,0.0,1.0,2,2,0,2
crop_0861.png,33,33,1,0.9995982646942139,0,0.0,1.0,2,2,0,2
crop_0095.png,88,88,1,0.9997472763061523,0,0.0,1.0,2,2,0,2
crop_1638.png,38,38,1,0.9999622106552124,0,0.0,1.0,2,2,0,2
crop_0629.png,39,3,0,0.7317910194396973,1,0.5,0.5,2,1,-1,2
crop_0310.png,57,62,0,0.9979920387268066,2,1.0,0.0,2,2,0,2
crop_1546.png,12,12,1,0.9998354911804199,0,0.0,1.0,2,2,0,2
crop_1851.png,32,32.,0,0.9781975746154785,1,0.5,0.5,2,3,1,2
crop_2580.png,4,4,1,0.990408182144165,0,0.0,1.0,1,1,0,1
crop_1442.png,14,14,1,0.9992333650588989,0,0.0,1.0,2,2,0,2
crop_0650.png,30,,0,,2,1.0,0.0,2,0,-2,2
crop_1931.png,16,16,1,0.839672327041626,0,0.0,1.0,2,2,0,2
crop_0256.png,60,6,0,0.7756571769714355,1,0.5,0.5,2,1,-1,2
crop_2913.png,9,,0,0.7193447947502136,1,1.0,0.0,1,0,-1,1
crop_1469.png,19,19,1,0.928077220916748,0,0.0,1.0,2,2,0,2
crop_0531.png,27,27,1,0.999934196472168,0,0.0,1.0,2,2,0,2
crop_2916.png,10,10,1,0.9793161153793335,0,0.0,1.0,2,2,0,2
crop_0230.png,38,38,1,0.9999232888221741,0,0.0,1.0,2,2,0,2
crop_2486.png,20,20,1,0.9998989701271057,0,0.0,1.0,2,2,0,2
crop_2411.png,4,4,1,0.9998346567153931,0,0.0,1.0,1,1,0,1
crop_1587.png,29,29,1,0.9999300837516785,0,0.0,1.0,2,2,0,2
crop_2308.png,6,6,1,0.999931812286377,0,0.0,1.0,1,1,0,1
crop_2707.png,8,8,1,0.9926297664642334,0,0.0,1.0,1,1,0,1
crop_1358.png,17,17,1,0.9859316945075989,0,0.0,1.0,2,2,0,2
crop_1118.png,32,32,1,0.9997941851615906,0,0.0,1.0,2,2,0,2
crop_2337.png,8,8,1,0.9221104979515076,0,0.0,1.0,1,1,0,1
crop_1551.png,25,25,1,0.9996464848518372,0,0.0,1.0,2,2,0,2
crop_2995.png,6,6,1,0.9913699626922607,0,0.0,1.0,1,1,0,1
crop_0514.png,11,,0,0.5765101909637451,2,1.0,0.0,2,0,-2,2
crop_0443.png,87,87,1,0.9993401169776917,0,0.0,1.0,2,2,0,2
crop_1986.png,24,24,1,0.9999845623970032,0,0.0,1.0,2,2,0,2
crop_0786.png,89,89,1,0.9782364368438721,0,0.0,1.0,2,2,0,2
crop_1538.png,26,26,1,0.999890923500061,0,0.0,1.0,2,2,0,2
crop_1300.png,30,30,1,0.7611013650894165,0,0.0,1.0,2,2,0,2
crop_2875.png,12,12,1,0.9971410036087036,0,0.0,1.0,2,2,0,2
crop_0897.png,26,26,1,0.9998868703842163,0,0.0,1.0,2,2,0,2
crop_0798.png,57,57,1,0.9998910427093506,0,0.0,1.0,2,2,0,2
crop_2929.png,10,10,1,0.9957488775253296,0,0.0,1.0,2,2,0,2
crop_2910.png,15,15,1,0.9857338070869446,0,0.0,1.0,2,2,0,2
crop_0352.png,62,62,1,0.9997850060462952,0,0.0,1.0,2,2,0,2
crop_0529.png,7,7,1,0.9999872446060181,0,0.0,1.0,1,1,0,1
crop_2046.png,15,15,1,0.9980466961860657,0,0.0,1.0,2,2,0,2
crop_2682.png,10,10,1,0.9929711818695068,0,0.0,1.0,2,2,0,2
crop_0983.png,2,2,1,0.999985933303833,0,0.0,1.0,1,1,0,1
crop_1040.png,9,6,0,0.9999865293502808,1,1.0,0.0,1,1,0,1
crop_1037.png,8,6,0,0.999894380569458,1,1.0,0.0,1,1,0,1
crop_0324.png,18,18,1,0.8693788647651672,0,0.0,1.0,2,2,0,2
crop_1121.png,29,29,1,0.9999547004699707,0,0.0,1.0,2,2,0,2
crop_2414.png,20,20,1,0.9970839023590088,0,0.0,1.0,2,2,0,2
crop_2765.png,12,12,1,0.9998824596405029,0,0.0,1.0,2,2,0,2
crop_2399.png,14,14,1,0.9988980293273926,0,0.0,1.0,2,2,0,2
crop_3006.png,3,3,1,0.9996426105499268,0,0.0,1.0,1,1,0,1
crop_2677.png,12,12,1,0.992205023765564,0,0.0,1.0,2,2,0,2
crop_1660.png,17,17,1,0.9974883198738098,0,0.0,1.0,2,2,0,2
crop_0538.png,12,8,0,0.9956860542297363,2,1.0,0.0,2,1,-1,2
crop_0490.png,57,57,1,0.9973615407943726,0,0.0,1.0,2,2,0,2
crop_0736.png,6,6,1,0.9999011754989624,0,0.0,1.0,1,1,0,1
crop_1681.png,17,17,1,0.9991217851638794,0,0.0,1.0,2,2,0,2
crop_2153.png,10,10,1,0.964846134185791,0,0.0,1.0,2,2,0,2
crop_1507.png,17,17,1,0.9995917677879333,0,0.0,1.0,2,2,0,2
crop_1694.png,7,7,1,0.9999446868896484,0,0.0,1.0,1,1,0,1
crop_1606.png,35,35,1,0.998507022857666,0,0.0,1.0,2,2,0,2
crop_2224.png,8,8,1,0.9975777268409729,0,0.0,1.0,1,1,0,1
crop_0132.png,64,64,1,0.9999853372573853,0,0.0,1.0,2,2,0,2
crop_0564.png,38,38,1,0.9999960660934448,0,0.0,1.0,2,2,0,2
crop_2889.png,22,22,1,0.9996131658554077,0,0.0,1.0,2,2,0,2
crop_2223.png,26,26,1,0.9952118396759033,0,0.0,1.0,2,2,0,2
crop_0377.png,59,59,1,0.9789129495620728,0,0.0,1.0,2,2,0,2
crop_1833.png,44,44,1,0.999580442905426,0,0.0,1.0,2,2,0,2
crop_1646.png,59,59,1,0.9883130788803101,0,0.0,1.0,2,2,0,2
crop_2036.png,15,15,1,0.996752142906189,0,0.0,1.0,2,2,0,2
crop_0966.png,2,2,1,0.9994823932647705,0,0.0,1.0,1,1,0,1
crop_0505.png,11,1,0,0.7213075757026672,1,0.5,0.5,2,1,-1,2
crop_1485.png,19,19,1,0.9990442991256714,0,0.0,1.0,2,2,0,2
crop_0242.png,51,.52,0,0.8360428810119629,2,1.0,0.0,2,3,1,2
crop_2968.png,5,.,0,0.9062913656234741,1,1.0,0.0,1,1,0,1
crop_1473.png,10,10,1,0.9974013566970825,0,0.0,1.0,2,2,0,2
crop_2345.png,6,6,1,0.9998917579650879,0,0.0,1.0,1,1,0,1
crop_2591.png,4,4,1,0.9999556541442871,0,0.0,1.0,1,1,0,1
crop_2912.png,13,3,0,0.8994737863540649,1,0.5,0.5,2,1,-1,2
crop_1887.png,28,28,1,0.9992356300354004,0,0.0,1.0,2,2,0,2
crop_2027.png,14,14,1,0.9801503419876099,0,0.0,1.0,2,2,0,2
crop_2314.png,2,7,0,0.9999793767929077,1,1.0,0.0,1,1,0,1
crop_0178.png,45,45,1,0.9446748495101929,0,0.0,1.0,2,2,0,2
crop_2980.png,13,13,1,0.9089009761810303,0,0.0,1.0,2,2,0,2
crop_1502.png,6,6,1,0.9644311666488647,0,0.0,1.0,1,1,0,1
crop_1461.png,17,17,1,0.9990721344947815,0,0.0,1.0,2,2,0,2
crop_0728.png,31,31,1,0.8505849838256836,0,0.0,1.0,2,2,0,2
crop_2328.png,3,3,1,0.9999029636383057,0,0.0,1.0,1,1,0,1
crop_0871.png,32,32,1,0.9998390674591064,0,0.0,1.0,2,2,0,2
crop_2246.png,5,5,1,0.9989380240440369,0,0.0,1.0,1,1,0,1
crop_0912.png,23,23,1,0.9999673366546631,0,0.0,1.0,2,2,0,2
crop_2657.png,9,9,1,0.9998695850372314,0,0.0,1.0,1,1,0,1
crop_2522.png,20,206,0,0.9964079260826111,1,0.5,0.5,2,3,1,2
crop_1581.png,24,,0,,2,1.0,0.0,2,0,-2,2
crop_0066.png,53,53,1,0.9979612827301025,0,0.0,1.0,2,2,0,2
crop_0726.png,12,12,1,0.8957964181900024,0,0.0,1.0,2,2,0,2
crop_1342.png,23,23,1,0.9997732639312744,0,0.0,1.0,2,2,0,2
crop_1665.png,7,7,1,0.7633489966392517,0,0.0,1.0,1,1,0,1
crop_0327.png,13,13,1,0.999585747718811,0,0.0,1.0,2,2,0,2
crop_0865.png,33,33,1,0.999982476234436,0,0.0,1.0,2,2,0,2
crop_1460.png,18,18,1,0.9703829288482666,0,0.0,1.0,2,2,0,2
crop_1447.png,12,12,1,0.9987310171127319,0,0.0,1.0,2,2,0,2
crop_1071.png,17,27,0,0.9942911267280579,1,0.5,0.5,2,2,0,2
crop_0455.png,30,30,1,0.9468277096748352,0,0.0,1.0,2,2,0,2
crop_0730.png,17,17,1,0.996024489402771,0,0.0,1.0,2,2,0,2
crop_2526.png,23,23,1,0.999921977519989,0,0.0,1.0,2,2,0,2
crop_0176.png,49,49,1,0.9999439716339111,0,0.0,1.0,2,2,0,2
crop_1842.png,20,..,0,0.42452359199523926,2,1.0,0.0,2,2,0,2
crop_1074.png,22,22,1,0.993325412273407,0,0.0,1.0,2,2,0,2
crop_1594.png,23,23,1,0.9999683499336243,0,0.0,1.0,2,2,0,2
crop_1402.png,6,6,1,0.9998002648353577,0,0.0,1.0,1,1,0,1
crop_0125.png,62,62,1,0.988241970539093,0,0.0,1.0,2,2,0,2
crop_1979.png,15,15,1,0.8872905969619751,0,0.0,1.0,2,2,0,2
crop_0502.png,9,9,1,0.9996111989021301,0,0.0,1.0,1,1,0,1
crop_1966.png,45,45,1,0.9994664192199707,0,0.0,1.0,2,2,0,2
crop_0710.png,32,32,1,0.9994823932647705,0,0.0,1.0,2,2,0,2
crop_2142.png,21,121,0,0.9095585346221924,1,0.5,0.5,2,3,1,2
crop_2577.png,7,7,1,0.999991774559021,0,0.0,1.0,1,1,0,1
crop_2189.png,34,34,1,0.9998419284820557,0,0.0,1.0,2,2,0,2
crop_2855.png,11,1,0,0.22979485988616943,1,0.5,0.5,2,1,-1,2
crop_2068.png,11,11,1,0.6542487144470215,0,0.0,1.0,2,2,0,2
crop_1797.png,19,19,1,0.9956921935081482,0,0.0,1.0,2,2,0,2
crop_1738.png,16,16,1,0.9891471862792969,0,0.0,1.0,2,2,0,2
crop_1427.png,10,10,1,0.9704400897026062,0,0.0,1.0,2,2,0,2
crop_0120.png,59,59,1,0.9598948359489441,0,0.0,1.0,2,2,0,2
crop_0575.png,57,57,1,0.9909745454788208,0,0.0,1.0,2,2,0,2
crop_2460.png,7,7,1,0.9999643564224243,0,0.0,1.0,1,1,0,1
crop_2969.png,2,2,1,0.9999078512191772,0,0.0,1.0,1,1,0,1
crop_0530.png,2,2,1,0.3191779851913452,0,0.0,1.0,1,1,0,1
crop_2961.png,9,9,1,0.9950807094573975,0,0.0,1.0,1,1,0,1
crop_1536.png,27,27,1,0.999953031539917,0,0.0,1.0,2,2,0,2
crop_1054.png,22,22,1,0.9999713897705078,0,0.0,1.0,2,2,0,2
crop_2981.png,9,,0,,1,1.0,0.0,1,0,-1,1
crop_2195.png,31,31,1,0.6249397993087769,0,0.0,1.0,2,2,0,2
crop_1497.png,11,11,1,0.6928746104240417,0,0.0,1.0,2,2,0,2
crop_2131.png,12,12,1,0.9984584450721741,0,0.0,1.0,2,2,0,2
crop_2973.png,6,6,1,0.9990354776382446,0,0.0,1.0,1,1,0,1
crop_0321.png,41,4,0,0.998817503452301,1,0.5,0.5,2,1,-1,2
crop_2096.png,13,13,1,0.930051326751709,0,0.0,1.0,2,2,0,2
crop_0992.png,4,4,1,0.9997615218162537,0,0.0,1.0,1,1,0,1
crop_1965.png,39,39,1,0.9997897744178772,0,0.0,1.0,2,2,0,2
crop_1659.png,6,6,1,0.9999403953552246,0,0.0,1.0,1,1,0,1
crop_1242.png,50,50,1,0.988381028175354,0,0.0,1.0,2,2,0,2
crop_2265.png,18,18,1,0.9479837417602539,0,0.0,1.0,2,2,0,2
crop_1856.png,6,,0,,1,1.0,0.0,1,0,-1,1
crop_1165.png,11,11,1,0.5756941437721252,0,0.0,1.0,2,2,0,2
crop_0380.png,46,46,1,0.9999432563781738,0,0.0,1.0,2,2,0,2
crop_2971.png,9,9,1,0.9904749989509583,0,0.0,1.0,1,1,0,1
crop_1540.png,9,9,1,0.9924673438072205,0,0.0,1.0,1,1,0,1
crop_0460.png,32,32,1,0.9998325109481812,0,0.0,1.0,2,2,0,2
crop_1719.png,14,14,1,0.9465256929397583,0,0.0,1.0,2,2,0,2
crop_1304.png,26,26,1,0.9870809316635132,0,0.0,1.0,2,2,0,2
crop_0619.png,32,32,1,0.9998371601104736,0,0.0,1.0,2,2,0,2
crop_2389.png,16,26,0,0.9286496043205261,1,0.5,0.5,2,2,0,2
crop_1430.png,12,12,1,0.9989217519760132,0,0.0,1.0,2,2,0,2
crop_0972.png,6,6,1,0.9296656847000122,0,0.0,1.0,1,1,0,1
crop_0392.png,48,48,1,0.9233686923980713,0,0.0,1.0,2,2,0,2
crop_1210.png,56,56,1,0.9988913536071777,0,0.0,1.0,2,2,0,2
crop_0375.png,60,60,1,0.9949228167533875,0,0.0,1.0,2,2,0,2
crop_0660.png,37,37,1,0.9998999238014221,0,0.0,1.0,2,2,0,2
crop_0797.png,61,6,0,0.7382013201713562,1,0.5,0.5,2,1,-1,2
crop_2781.png,10,10,1,0.999727189540863,0,0.0,1.0,2,2,0,2
crop_1805.png,18,18,1,0.9969512224197388,0,0.0,1.0,2,2,0,2
crop_2890.png,12,12,1,0.998169481754303,0,0.0,1.0,2,2,0,2
crop_0035.png,64,64,1,0.9997264742851257,0,0.0,1.0,2,2,0,2
crop_2430.png,26,26,1,0.9996050596237183,0,0.0,1.0,2,2,0,2
crop_0800.png,58,58,1,0.9978278875350952,0,0.0,1.0,2,2,0,2
crop_2738.png,8,8,1,0.999964714050293,0,0.0,1.0,1,1,0,1
crop_0622.png,9,,0,,1,1.0,0.0,1,0,-1,1
crop_1042.png,7,7,1,0.9999164342880249,0,0.0,1.0,1,1,0,1
crop_0146.png,65,65,1,0.9999251365661621,0,0.0,1.0,2,2,0,2
crop_1991.png,37,37,1,0.9999628663063049,0,0.0,1.0,2,2,0,2
crop_1633.png,39,39,1,0.9749398231506348,0,0.0,1.0,2,2,0,2
crop_1569.png,26,26,1,0.9999142289161682,0,0.0,1.0,2,2,0,2
crop_1905.png,4,,0,,1,1.0,0.0,1,0,-1,1
crop_1153.png,20,20,1,0.9994983673095703,0,0.0,1.0,2,2,0,2
crop_1367.png,13,13,1,0.7665301561355591,0,0.0,1.0,2,2,0,2
crop_2815.png,7,,0,0.6287575364112854,1,1.0,0.0,1,0,-1,1
crop_2880.png,22,32,0,0.7602523565292358,1,0.5,0.5,2,2,0,2
crop_0415.png,77,77,1,0.999993085861206,0,0.0,1.0,2,2,0,2
crop_2984.png,2,2,1,0.9998772144317627,0,0.0,1.0,1,1,0,1
crop_2822.png,6,,0,,1,1.0,0.0,1,0,-1,1
crop_1721.png,11,11,1,0.6777554750442505,0,0.0,1.0,2,2,0,2
crop_0058.png,67,67,1,0.9999344348907471,0,0.0,1.0,2,2,0,2
crop_0970.png,2,2,1,0.9998987913131714,0,0.0,1.0,1,1,0,1
crop_1364.png,9,9,1,0.9978041052818298,0,0.0,1.0,1,1,0,1
crop_3009.png,1,2,0,0.8101612329483032,1,1.0,0.0,1,1,0,1
crop_0654.png,41,4,0,0.6511659622192383,1,0.5,0.5,2,1,-1,2
crop_1146.png,42,42,1,0.9999488592147827,0,0.0,1.0,2,2,0,2
crop_0890.png,32,32,1,0.9999410510063171,0,0.0,1.0,2,2,0,2
crop_1110.png,24,24,1,0.9999842643737793,0,0.0,1.0,2,2,0,2
crop_1816.png,21,21,1,0.7609543204307556,0,0.0,1.0,2,2,0,2
crop_0915.png,14,74,0,0.8663705587387085,1,0.5,0.5,2,2,0,2
crop_1948.png,33,33,1,0.9999780654907227,0,0.0,1.0,2,2,0,2
crop_1871.png,13,13,1,0.9841850399971008,0,0.0,1.0,2,2,0,2
crop_0341.png,8,8,1,0.9854309558868408,0,0.0,1.0,1,1,0,1
crop_0872.png,34,34,1,0.9999905824661255,0,0.0,1.0,2,2,0,2
crop_2552.png,18,18,1,0.9998592138290405,0,0.0,1.0,2,2,0,2
crop_0627.png,29,29,1,0.9326926469802856,0,0.0,1.0,2,2,0,2
crop_1454.png,9,6,0,0.9940764904022217,1,1.0,0.0,1,1,0,1
crop_1410.png,7,7,1,0.9999593496322632,0,0.0,1.0,1,1,0,1
crop_2127.png,18,18,1,0.9986625909805298,0,0.0,1.0,2,2,0,2
crop_1853.png,18,18,1,0.9968844652175903,0,0.0,1.0,2,2,0,2
crop_0657.png,46,46,1,0.9998494386672974,0,0.0,1.0,2,2,0,2
crop_0601.png,44,44,1,0.9952183961868286,0,0.0,1.0,2,2,0,2
crop_2507.png,25,25,1,0.9998819828033447,0,0.0,1.0,2,2,0,2
crop_1541.png,14,14,1,0.9948828220367432,0,0.0,1.0,2,2,0,2
crop_1884.png,54,54,1,0.9996040463447571,0,0.0,1.0,2,2,0,2
crop_0869.png,33,33,1,0.9999828338623047,0,0.0,1.0,2,2,0,2
crop_0169.png,58,68,0,0.9764736294746399,1,0.5,0.5,2,2,0,2
crop_2439.png,24,24,1,0.996045708656311,0,0.0,1.0,2,2,0,2
crop_1500.png,15,15,1,0.7696828246116638,0,0.0,1.0,2,2,0,2
crop_1407.png,6,6,1,0.9997026324272156,0,0.0,1.0,1,1,0,1
crop_2184.png,31,31,1,0.9987359046936035,0,0.0,1.0,2,2,0,2
crop_2471.png,41,42,0,0.6852865815162659,1,0.5,0.5,2,2,0,2
crop_2920.png,13,13,1,0.9753010272979736,0,0.0,1.0,2,2,0,2
crop_1258.png,34,34,1,0.9973586797714233,0,0.0,1.0,2,2,0,2
crop_2082.png,17,127,0,0.8733947277069092,1,0.5,0.5,2,3,1,2
crop_0819.png,83,83,1,0.9967072010040283,0,0.0,1.0,2,2,0,2
crop_1523.png,26,26,1,0.9978246092796326,0,0.0,1.0,2,2,0,2
crop_2088.png,13,.3,0,0.7708489298820496,1,0.5,0.5,2,2,0,2
crop_0254.png,59,57,0,0.9990481734275818,1,0.5,0.5,2,2,0,2
crop_1565.png,22,2,0,0.9998623132705688,1,0.5,0.5,2,1,-1,2
crop_2075.png,18,18,1,0.9414265155792236,0,0.0,1.0,2,2,0,2
crop_1125.png,30,3,0,0.9999017715454102,1,0.5,0.5,2,1,-1,2
crop_1091.png,29,29,1,0.9999523162841797,0,0.0,1.0,2,2,0,2
crop_2896.png,17,27,0,0.8453839421272278,1,0.5,0.5,2,2,0,2
crop_0391.png,42,42,1,0.9997878074645996,0,0.0,1.0,2,2,0,2
crop_0074.png,52,52,1,0.9999459981918335,0,0.0,1.0,2,2,0,2
crop_2412.png,15,10,0,0.7240662574768066,1,0.5,0.5,2,2,0,2
crop_2573.png,15,15,1,0.8344247341156006,0,0.0,1.0,2,2,0,2
crop_1679.png,29,29,1,0.9978541731834412,0,0.0,1.0,2,2,0,2
crop_1116.png,24,24,1,0.999980628490448,0,0.0,1.0,2,2,0,2
crop_2782.png,14,14,1,0.999306857585907,0,0.0,1.0,2,2,0,2
crop_2640.png,9,9,1,0.9865250587463379,0,0.0,1.0,1,1,0,1
crop_0085.png,83,83,1,0.999889612197876,0,0.0,1.0,2,2,0,2
crop_1184.png,72,72,1,0.9992424845695496,0,0.0,1.0,2,2,0,2
crop_2907.png,12,12,1,0.9857897758483887,0,0.0,1.0,2,2,0,2
crop_0412.png,93,.93,0,0.9305129051208496,1,0.5,0.5,2,3,1,2
crop_1915.png,32,32,1,0.9999688863754272,0,0.0,1.0,2,2,0,2
crop_2819.png,10,1,0,0.6329067349433899,1,0.5,0.5,2,1,-1,2
crop_2446.png,30,30,1,0.9845980405807495,0,0.0,1.0,2,2,0,2
crop_2757.png,27,27,1,0.9552521705627441,0,0.0,1.0,2,2,0,2
crop_2779.png,9,9,1,0.9996678829193115,0,0.0,1.0,1,1,0,1
crop_2110.png,15,15,1,0.9995179772377014,0,0.0,1.0,2,2,0,2
crop_1596.png,25,25,1,0.986795961856842,0,0.0,1.0,2,2,0,2
crop_0951.png,6,6,1,0.9947704672813416,0,0.0,1.0,1,1,0,1
crop_2445.png,25,25,1,0.9998067617416382,0,0.0,1.0,2,2,0,2
crop_1778.png,23,23,1,0.9999921321868896,0,0.0,1.0,2,2,0,2
crop_1827.png,15,15,1,0.7574232220649719,0,0.0,1.0,2,2,0,2
crop_0090.png,91,9,0,0.9984149932861328,1,0.5,0.5,2,1,-1,2
crop_0273.png,60,60,1,0.9983083009719849,0,0.0,1.0,2,2,0,2
crop_2025.png,14,14,1,0.9729429483413696,0,0.0,1.0,2,2,0,2
crop_2245.png,12,12.,0,0.8945958614349365,1,0.5,0.5,2,3,1,2
crop_1895.png,54,54,1,0.9999011754989624,0,0.0,1.0,2,2,0,2
crop_2341.png,6,6,1,0.9999548196792603,0,0.0,1.0,1,1,0,1
crop_2028.png,14,14,1,0.9911715388298035,0,0.0,1.0,2,2,0,2
crop_2675.png,6,6,1,0.986016571521759,0,0.0,1.0,1,1,0,1
crop_2535.png,17,27,0,0.8003835678100586,1,0.5,0.5,2,2,0,2
crop_0519.png,1,,0,,1,1.0,0.0,1,0,-1,1
crop_0764.png,53,03,0,0.3879271447658539,1,0.5,0.5,2,2,0,2
crop_0792.png,57,57,1,0.9982070922851562,0,0.0,1.0,2,2,0,2
crop_1207.png,56,56,1,0.9997406005859375,0,0.0,1.0,2,2,0,2
crop_2470.png,44,44,1,0.9995250105857849,0,0.0,1.0,2,2,0,2
crop_0799.png,56,56,1,0.9984668493270874,0,0.0,1.0,2,2,0,2
crop_2590.png,4,4,1,0.9997853636741638,0,0.0,1.0,1,1,0,1
crop_1101.png,26,26,1,0.9998977184295654,0,0.0,1.0,2,2,0,2
crop_1219.png,49,49,1,0.9999799728393555,0,0.0,1.0,2,2,0,2
crop_2663.png,5,5,1,0.9998347759246826,0,0.0,1.0,1,1,0,1
crop_0138.png,69,69,1,0.9980044364929199,0,0.0,1.0,2,2,0,2
crop_0738.png,3,3,1,0.9999842643737793,0,0.0,1.0,1,1,0,1
crop_2604.png,11,11,1,0.7148696780204773,0,0.0,1.0,2,2,0,2
crop_0175.png,52,.32,0,0.7363286018371582,2,1.0,0.0,2,3,1,2
crop_2998.png,5,5,1,0.999542236328125,0,0.0,1.0,1,1,0,1
crop_0853.png,24,24,1,0.9998753070831299,0,0.0,1.0,2,2,0,2
crop_0492.png,28,28,1,0.9990494847297668,0,0.0,1.0,2,2,0,2
crop_0722.png,25,25,1,0.999735951423645,0,0.0,1.0,2,2,0,2
crop_0003.png,43,43,1,0.9994221925735474,0,0.0,1.0,2,2,0,2
crop_2655.png,8,8,1,0.998507559299469,0,0.0,1.0,1,1,0,1
crop_0596.png,41,41,1,0.8251224756240845,0,0.0,1.0,2,2,0,2
crop_0294.png,62,62,1,0.9824438095092773,0,0.0,1.0,2,2,0,2
crop_2309.png,1,,0,,1,1.0,0.0,1,0,-1,1
crop_1055.png,24,24,1,0.9995849132537842,0,0.0,1.0,2,2,0,2
crop_0033.png,62,62,1,0.9998147487640381,0,0.0,1.0,2,2,0,2
crop_1097.png,30,3,0,0.8789657950401306,1,0.5,0.5,2,1,-1,2
crop_2734.png,6,6,1,0.9222460389137268,0,0.0,1.0,1,1,0,1
crop_2273.png,9,,0,0.6223050951957703,1,1.0,0.0,1,0,-1,1
crop_2778.png,11,,0,0.404438316822052,2,1.0,0.0,2,0,-2,2
crop_0936.png,20,20,1,0.9976757764816284,0,0.0,1.0,2,2,0,2
crop_1462.png,16,16,1,0.9747910499572754,0,0.0,1.0,2,2,0,2
crop_0488.png,47,47,1,0.9983570575714111,0,0.0,1.0,2,2,0,2
crop_0097.png,63,63,1,0.9998703598976135,0,0.0,1.0,2,2,0,2
crop_2758.png,28,2,0,0.386303186416626,1,0.5,0.5,2,1,-1,2
crop_0616.png,33,33,1,0.9995404481887817,0,0.0,1.0,2,2,0,2
crop_1204.png,64,64,1,0.9994718432426453,0,0.0,1.0,2,2,0,2
crop_0590.png,39,39,1,0.9990508556365967,0,0.0,1.0,2,2,0,2
crop_1431.png,11,,0,0.7422282695770264,2,1.0,0.0,2,0,-2,2
crop_1518.png,6,6,1,0.9914952516555786,0,0.0,1.0,1,1,0,1
crop_2034.png,16,16,1,0.9660460948944092,0,0.0,1.0,2,2,0,2
crop_2523.png,22,22,1,0.9999777674674988,0,0.0,1.0,2,2,0,2
crop_0306.png,61,61,1,0.8100265264511108,0,0.0,1.0,2,2,0,2
crop_1436.png,8,8,1,0.9977831244468689,0,0.0,1.0,1,1,0,1
crop_1506.png,17,17,1,0.8344035744667053,0,0.0,1.0,2,2,0,2
crop_1392.png,11,11,1,0.7591216564178467,0,0.0,1.0,2,2,0,2
crop_2801.png,44,44,1,0.9987571239471436,0,0.0,1.0,2,2,0,2
crop_2162.png,30,30,1,0.9952187538146973,0,0.0,1.0,2,2,0,2
crop_1616.png,48,48,1,0.9801943302154541,0,0.0,1.0,2,2,0,2
crop_2769.png,7,7,1,0.9999940395355225,0,0.0,1.0,1,1,0,1
crop_2546.png,7,7,1,0.9999020099639893,0,0.0,1.0,1,1,0,1
crop_0967.png,5,,0,0.5014013051986694,1,1.0,0.0,1,0,-1,1
crop_1305.png,23,23,1,0.9999485611915588,0,0.0,1.0,2,2,0,2
crop_0078.png,72,72,1,0.999972939491272,0,0.0,1.0,2,2,0,2
crop_1750.png,14,14,1,0.9746376276016235,0,0.0,1.0,2,2,0,2
crop_1345.png,27,27,1,0.9999936819076538,0,0.0,1.0,2,2,0,2
crop_0686.png,26,26,1,0.999933123588562,0,0.0,1.0,2,2,0,2
crop_1848.png,7,,0,,1,1.0,0.0,1,0,-1,1
crop_2563.png,16,16,1,0.8564113974571228,0,0.0,1.0,2,2,0,2
crop_2727.png,14,14,1,0.9989078044891357,0,0.0,1.0,2,2,0,2
crop_1504.png,16,15,0,0.874626874923706,1,0.5,0.5,2,2,0,2
crop_2045.png,15,15,1,0.9680351614952087,0,0.0,1.0,2,2,0,2
crop_1446.png,12,12,1,0.99953293800354,0,0.0,1.0,2,2,0,2
crop_1998.png,19,19,1,0.9026883840560913,0,0.0,1.0,2,2,0,2
crop_0482.png,64,64,1,0.9992655515670776,0,0.0,1.0,2,2,0,2
crop_0765.png,41,4,0,0.9859285950660706,1,0.5,0.5,2,1,-1,2
crop_3005.png,1,,0,,1,1.0,0.0,1,0,-1,1
crop_0811.png,61,6,0,0.7233137488365173,1,0.5,0.5,2,1,-1,2
crop_0109.png,43,43,1,0.9996007680892944,0,0.0,1.0,2,2,0,2
crop_2058.png,18,18,1,0.9906650185585022,0,0.0,1.0,2,2,0,2
crop_0054.png,69,69,1,0.988946795463562,0,0.0,1.0,2,2,0,2
crop_2033.png,16,16,1,0.9994556307792664,0,0.0,1.0,2,2,0,2
crop_0923.png,4,,0,,1,1.0,0.0,1,0,-1,1
crop_0454.png,69,69,1,0.9627482891082764,0,0.0,1.0,2,2,0,2
crop_1466.png,19,19,1,0.997544527053833,0,0.0,1.0,2,2,0,2
crop_2997.png,2,2,1,0.9999464750289917,0,0.0,1.0,1,1,0,1
crop_0301.png,9,,0,,1,1.0,0.0,1,0,-1,1
crop_2900.png,23,23,1,0.9998946189880371,0,0.0,1.0,2,2,0,2
crop_2066.png,17,17,1,0.981128454208374,0,0.0,1.0,2,2,0,2
crop_2262.png,14,14,1,0.8517316579818726,0,0.0,1.0,2,2,0,2
crop_2688.png,8,8,1,0.9980019927024841,0,0.0,1.0,1,1,0,1
crop_2586.png,7,,0,,1,1.0,0.0,1,0,-1,1
crop_1834.png,36,36,1,0.9999945759773254,0,0.0,1.0,2,2,0,2
crop_2397.png,3,8,0,0.6829161643981934,1,1.0,0.0,1,1,0,1
crop_1056.png,27,27,1,0.9995955228805542,0,0.0,1.0,2,2,0,2
crop_1472.png,8,,0,,1,1.0,0.0,1,0,-1,1
crop_2540.png,25,25,1,0.9999221563339233,0,0.0,1.0,2,2,0,2
crop_1958.png,35,3.5,0,0.9774324297904968,1,0.5,0.5,2,3,1,2
crop_2256.png,34,34,1,0.9999725818634033,0,0.0,1.0,2,2,0,2
crop_0106.png,45,45,1,0.9099093079566956,0,0.0,1.0,2,2,0,2
crop_1866.png,31,3,0,0.991403341293335,1,0.5,0.5,2,1,-1,2
crop_2917.png,12,12,1,0.9991394281387329,0,0.0,1.0,2,2,0,2
crop_0408.png,81,82,0,0.785160481929779,1,0.5,0.5,2,2,0,2
crop_0331.png,62,62,1,0.9998828172683716,0,0.0,1.0,2,2,0,2
crop_0857.png,32,32,1,0.9999638199806213,0,0.0,1.0,2,2,0,2
crop_1080.png,29,29,1,0.9999746084213257,0,0.0,1.0,2,2,0,2
crop_2235.png,38,38,1,0.9996398687362671,0,0.0,1.0,2,2,0,2
crop_2958.png,13,3,0,0.8839153051376343,1,0.5,0.5,2,1,-1,2
crop_0577.png,56,36,0,0.9872857332229614,1,0.5,0.5,2,2,0,2
crop_1310.png,27,27,1,0.9999902844429016,0,0.0,1.0,2,2,0,2
crop_1806.png,18,18,1,0.9996180534362793,0,0.0,1.0,2,2,0,2
crop_2710.png,13,3,0,0.9997287392616272,1,0.5,0.5,2,1,-1,2
crop_0753.png,46,6,0,0.639998197555542,1,0.5,0.5,2,1,-1,2
crop_2510.png,34,34,1,0.9998863339424133,0,0.0,1.0,2,2,0,2
crop_1603.png,41,42,0,0.8971275091171265,1,0.5,0.5,2,2,0,2
crop_2956.png,10,10,1,0.9947682619094849,0,0.0,1.0,2,2,0,2
crop_2013.png,2,,0,0.23120039701461792,1,1.0,0.0,1,0,-1,1
crop_2841.png,7,,0,0.8821089863777161,1,1.0,0.0,1,0,-1,1
crop_0479.png,66,66,1,0.9999793767929077,0,0.0,1.0,2,2,0,2
crop_1332.png,29,29,1,0.999929666519165,0,0.0,1.0,2,2,0,2
crop_0583.png,56,56,1,0.9998912811279297,0,0.0,1.0,2,2,0,2
crop_0909.png,27,27,1,0.9999861121177673,0,0.0,1.0,2,2,0,2
crop_0486.png,61,61,1,0.9775882363319397,0,0.0,1.0,2,2,0,2
crop_0746.png,32,32,1,0.9472140669822693,0,0.0,1.0,2,2,0,2
crop_1709.png,14,14,1,0.9538233876228333,0,0.0,1.0,2,2,0,2
crop_2006.png,10,10,1,0.7860133647918701,0,0.0,1.0,2,2,0,2
crop_2317.png,5,6,0,0.8113901615142822,1,1.0,0.0,1,1,0,1
crop_0339.png,56,6,0,0.827649712562561,1,0.5,0.5,2,1,-1,2
crop_0370.png,63,63,1,0.9999397397041321,0,0.0,1.0,2,2,0,2
crop_2168.png,28,28,1,0.9999110698699951,0,0.0,1.0,2,2,0,2
crop_0315.png,47,47,1,0.9988958835601807,0,0.0,1.0,2,2,0,2
crop_2772.png,6,6,1,0.49761638045310974,0,0.0,1.0,1,1,0,1
crop_0268.png,60,,0,0.783476710319519,2,1.0,0.0,2,0,-2,2
crop_0689.png,30,3,0,0.9258201122283936,1,0.5,0.5,2,1,-1,2
crop_2921.png,11,11,1,0.7623066902160645,0,0.0,1.0,2,2,0,2
crop_2215.png,40,40,1,0.9981371164321899,0,0.0,1.0,2,2,0,2
crop_2919.png,5,5,1,0.9995355606079102,0,0.0,1.0,1,1,0,1
crop_1313.png,27,27,1,0.9999940395355225,0,0.0,1.0,2,2,0,2
crop_2729.png,12,12,1,0.9993870258331299,0,0.0,1.0,2,2,0,2
crop_1852.png,10,1,0,0.8542236089706421,1,0.5,0.5,2,1,-1,2
crop_2560.png,22,22,1,0.999990701675415,0,0.0,1.0,2,2,0,2
crop_3002.png,4,4,1,0.9981622099876404,0,0.0,1.0,1,1,0,1
crop_1693.png,7,7,1,0.9978731870651245,0,0.0,1.0,1,1,0,1
crop_1496.png,12,12,1,0.9985151290893555,0,0.0,1.0,2,2,0,2
crop_0393.png,45,45,1,0.9995403289794922,0,0.0,1.0,2,2,0,2
crop_2764.png,23,23,1,0.999945878982544,0,0.0,1.0,2,2,0,2
crop_0699.png,28,28,1,0.9998037815093994,0,0.0,1.0,2,2,0,2
crop_2627.png,9,9,1,0.999040424823761,0,0.0,1.0,1,1,0,1
crop_2951.png,1,,0,,1,1.0,0.0,1,0,-1,1
crop_1974.png,31,31,1,0.718015193939209,0,0.0,1.0,2,2,0,2
crop_1981.png,14,14,1,0.9858758449554443,0,0.0,1.0,2,2,0,2
crop_0037.png,67,67,1,0.9997533559799194,0,0.0,1.0,2,2,0,2
crop_1374.png,11,,0,,2,1.0,0.0,2,0,-2,2
crop_1041.png,6,6,1,0.9982055425643921,0,0.0,1.0,1,1,0,1
crop_2806.png,40,40,1,0.9776321649551392,0,0.0,1.0,2,2,0,2
crop_0191.png,34,34,1,0.9999749064445496,0,0.0,1.0,2,2,0,2
crop_2849.png,31,1,0,0.4639561176300049,1,0.5,0.5,2,1,-1,2
crop_0261.png,50,50,1,0.8476724028587341,0,0.0,1.0,2,2,0,2
crop_1652.png,15,5,0,0.725688636302948,1,0.5,0.5,2,1,-1,2
crop_0771.png,61,1,0,0.3470333218574524,1,0.5,0.5,2,1,-1,2
crop_1896.png,66,66,1,0.999979555606842,0,0.0,1.0,2,2,0,2
crop_2706.png,5,5,1,0.975950300693512,0,0.0,1.0,1,1,0,1
crop_2788.png,8,8,1,0.9723906517028809,0,0.0,1.0,1,1,0,1
crop_1218.png,48,48,1,0.9994699954986572,0,0.0,1.0,2,2,0,2
crop_1685.png,11,,0,,2,1.0,0.0,2,0,-2,2
crop_0802.png,59,59,1,0.9689952731132507,0,0.0,1.0,2,2,0,2
crop_2791.png,22,22,1,0.9999871253967285,0,0.0,1.0,2,2,0,2
crop_0716.png,29,29,1,0.999842643737793,0,0.0,1.0,2,2,0,2
crop_0289.png,57,57,1,0.9983844757080078,0,0.0,1.0,2,2,0,2
crop_1193.png,66,66,1,0.9968545436859131,0,0.0,1.0,2,2,0,2
crop_0166.png,58,58,1,0.9970047473907471,0,0.0,1.0,2,2,0,2
crop_2567.png,18,18,1,0.99378502368927,0,0.0,1.0,2,2,0,2
crop_2164.png,29,29,1,0.9998735785484314,0,0.0,1.0,2,2,0,2
crop_1234.png,65,65,1,0.9552878141403198,0,0.0,1.0,2,2,0,2
crop_0516.png,2,2,1,0.9998313188552856,0,0.0,1.0,1,1,0,1
crop_0581.png,56,56,1,0.9977850317955017,0,0.0,1.0,2,2,0,2
crop_2550.png,20,20,1,0.9999088644981384,0,0.0,1.0,2,2,0,2
crop_2280.png,18,28,0,0.7804531455039978,1,0.5,0.5,2,2,0,2
crop_0193.png,35,35,1,0.9991264939308167,0,0.0,1.0,2,2,0,2
crop_2926.png,11,137,0,0.640335202217102,2,1.0,0.0,2,3,1,2
crop_1583.png,28,28,1,0.9996115565299988,0,0.0,1.0,2,2,0,2
crop_0685.png,32,32,1,0.7771018743515015,0,0.0,1.0,2,2,0,2
crop_1452.png,12,12,1,0.9996455311775208,0,0.0,1.0,2,2,0,2
crop_1224.png,53,153,0,0.9773233532905579,1,0.5,0.5,2,3,1,2
crop_0692.png,31,3,0,0.8259543776512146,1,0.5,0.5,2,1,-1,2
crop_0837.png,44,44,1,0.9996856451034546,0,0.0,1.0,2,2,0,2
crop_0793.png,57,57,1,0.9984995722770691,0,0.0,1.0,2,2,0,2
crop_2039.png,15,1.5,0,0.9417614936828613,1,0.5,0.5,2,3,1,2
crop_2837.png,1,,0,0.3312518298625946,1,1.0,0.0,1,0,-1,1
crop_0745.png,38,38,1,0.9987344741821289,0,0.0,1.0,2,2,0,2
crop_0325.png,14,14,1,0.9978561401367188,0,0.0,1.0,2,2,0,2
crop_1900.png,46,46,1,0.9991528987884521,0,0.0,1.0,2,2,0,2
crop_1070.png,22,23,0,0.992778480052948,1,0.5,0.5,2,2,0,2
crop_1424.png,9,6,0,0.9762126803398132,1,1.0,0.0,1,1,0,1
crop_2915.png,9,9,1,0.4034554660320282,0,0.0,1.0,1,1,0,1
crop_2448.png,27,27,1,0.9999663829803467,0,0.0,1.0,2,2,0,2
crop_0507.png,32,32,1,0.9982001185417175,0,0.0,1.0,2,2,0,2
crop_2481.png,12,12,1,0.9999638795852661,0,0.0,1.0,2,2,0,2
crop_0353.png,60,60,1,0.9753401279449463,0,0.0,1.0,2,2,0,2
crop_2478.png,7,7,1,0.9999489784240723,0,0.0,1.0,1,1,0,1
crop_0172.png,53,53,1,0.9986310005187988,0,0.0,1.0,2,2,0,2
crop_0703.png,31,31,1,0.7297729849815369,0,0.0,1.0,2,2,0,2
crop_2081.png,16,16,1,0.8335466980934143,0,0.0,1.0,2,2,0,2
crop_0922.png,17,17,1,0.9125940203666687,0,0.0,1.0,2,2,0,2
crop_0126.png,66,66,1,0.9864850044250488,0,0.0,1.0,2,2,0,2
crop_2596.png,11,11.,0,0.7399448752403259,1,0.5,0.5,2,3,1,2
crop_1026.png,12,,0,0.2295958399772644,2,1.0,0.0,2,0,-2,2
crop_2774.png,10,10,1,0.8292426466941833,0,0.0,1.0,2,2,0,2
crop_2407.png,9,9,1,0.8399997353553772,0,0.0,1.0,1,1,0,1
crop_2103.png,12,12,1,0.9998948574066162,0,0.0,1.0,2,2,0,2
crop_0385.png,50,50,1,0.991573691368103,0,0.0,1.0,2,2,0,2
crop_2417.png,14,14,1,0.9328439831733704,0,0.0,1.0,2,2,0,2
crop_0921.png,21,21,1,0.9751826524734497,0,0.0,1.0,2,2,0,2
crop_2120.png,11,,0,0.4077124297618866,2,1.0,0.0,2,0,-2,2
crop_1657.png,6,6,1,0.9999010562896729,0,0.0,1.0,1,1,0,1
crop_1188.png,71,71,1,0.970740795135498,0,0.0,1.0,2,2,0,2
crop_2408.png,2,2,1,0.9999768733978271,0,0.0,1.0,1,1,0,1
crop_1861.png,34,34,1,0.9942387342453003,0,0.0,1.0,2,2,0,2
crop_1038.png,9,9.,0,0.9317024946212769,1,1.0,0.0,1,2,1,1
crop_1216.png,46,46,1,0.9997296333312988,0,0.0,1.0,2,2,0,2
crop_1607.png,31,32,0,0.8012800812721252,1,0.5,0.5,2,2,0,2
crop_1770.png,19,19,1,0.8477473258972168,0,0.0,1.0,2,2,0,2
crop_0157.png,63,63,1,0.9999518990516663,0,0.0,1.0,2,2,0,2
crop_0587.png,53,55,0,0.9993093013763428,1,0.5,0.5,2,2,0,2
crop_2198.png,7,7,1,0.5059192776679993,0,0.0,1.0,1,1,0,1
crop_0116.png,50,50,1,0.9909557104110718,0,0.0,1.0,2,2,0,2
crop_0077.png,68,68,1,0.9995981454849243,0,0.0,1.0,2,2,0,2
crop_1792.png,19,19,1,0.9954816699028015,0,0.0,1.0,2,2,0,2
crop_0945.png,13,13,1,0.9998787641525269,0,0.0,1.0,2,2,0,2
crop_1363.png,5,5.,0,0.9766625761985779,1,1.0,0.0,1,2,1,1
crop_1874.png,27,27,1,0.9993124604225159,0,0.0,1.0,2,2,0,2
crop_1509.png,15,15,1,0.9889112710952759,0,0.0,1.0,2,2,0,2
crop_2592.png,3,3,1,0.9999792575836182,0,0.0,1.0,1,1,0,1
crop_0115.png,52,52,1,0.9998307228088379,0,0.0,1.0,2,2,0,2
crop_2501.png,17,17.,0,0.957133948802948,1,0.5,0.5,2,3,1,2
crop_2897.png,19,19,1,0.9998094439506531,0,0.0,1.0,2,2,0,2
crop_0620.png,35,35,1,0.9999483823776245,0,0.0,1.0,2,2,0,2
crop_1293.png,29,29,1,0.9918991327285767,0,0.0,1.0,2,2,0,2
crop_1480.png,20,20,1,0.9955103397369385,0,0.0,1.0,2,2,0,2
crop_2416.png,20,20,1,0.9995514154434204,0,0.0,1.0,2,2,0,2
crop_0139.png,67,67,1,0.9990547895431519,0,0.0,1.0,2,2,0,2
crop_0900.png,27,27,1,0.999966025352478,0,0.0,1.0,2,2,0,2
crop_0309.png,62,62,1,0.9979920387268066,0,0.0,1.0,2,2,0,2
crop_2852.png,10,10,1,0.9969663619995117,0,0.0,1.0,2,2,0,2
crop_2528.png,29,29,1,0.9998756647109985,0,0.0,1.0,2,2,0,2
crop_2939.png,6,2,0,0.22312556207180023,1,1.0,0.0,1,1,0,1
crop_1279.png,20,20,1,0.9999327063560486,0,0.0,1.0,2,2,0,2
crop_1987.png,14,14,1,0.9993001818656921,0,0.0,1.0,2,2,0,2
crop_1490.png,11,1,0,0.5912147760391235,1,0.5,0.5,2,1,-1,2
crop_2000.png,22,22,1,0.9984617233276367,0,0.0,1.0,2,2,0,2
crop_0919.png,25,2.5,0,0.9983742833137512,1,0.5,0.5,2,3,1,2
crop_2200.png,24,34,0,0.9318384528160095,1,0.5,0.5,2,2,0,2
crop_2623.png,10,10,1,0.7664498090744019,0,0.0,1.0,2,2,0,2
crop_2873.png,9,2,0,0.9281519055366516,1,1.0,0.0,1,1,0,1
crop_1011.png,4,4,1,0.9999918937683105,0,0.0,1.0,1,1,0,1
crop_2177.png,26,26,1,0.999961256980896,0,0.0,1.0,2,2,0,2
crop_0362.png,38,38,1,0.9995279312133789,0,0.0,1.0,2,2,0,2
crop_1774.png,18,18,1,0.9920998811721802,0,0.0,1.0,2,2,0,2
crop_0313.png,18,16,0,0.9991901516914368,1,0.5,0.5,2,2,0,2
crop_1233.png,66,66,1,0.9998002052307129,0,0.0,1.0,2,2,0,2
crop_0355.png,61,61,1,0.8607707023620605,0,0.0,1.0,2,2,0,2
crop_0404.png,73,73,1,0.9996640682220459,0,0.0,1.0,2,2,0,2
crop_0524.png,2,,0,,1,1.0,0.0,1,0,-1,1
crop_0299.png,60,67,0,0.9415226578712463,1,0.5,0.5,2,2,0,2
crop_2197.png,15,15,1,0.9996302127838135,0,0.0,1.0,2,2,0,2
crop_1899.png,65,.65,0,0.962529182434082,1,0.5,0.5,2,3,1,2
crop_1650.png,9,9,1,0.9453015923500061,0,0.0,1.0,1,1,0,1
crop_1321.png,29,29,1,0.9996739625930786,0,0.0,1.0,2,2,0,2
crop_0719.png,32,32,1,0.9998835325241089,0,0.0,1.0,2,2,0,2
crop_0715.png,29,29,1,0.9966890811920166,0,0.0,1.0,2,2,0,2
crop_2759.png,11,,0,0.4658523499965668,2,1.0,0.0,2,0,-2,2
crop_1044.png,7,,0,,1,1.0,0.0,1,0,-1,1
crop_2582.png,3,3,1,0.9999247789382935,0,0.0,1.0,1,1,0,1
crop_1434.png,10,,0,0.660096287727356,2,1.0,0.0,2,0,-2,2
crop_1468.png,19,21,0,0.7617789506912231,2,1.0,0.0,2,2,0,2
crop_1045.png,12,9,0,0.9997921586036682,2,1.0,0.0,2,1,-1,2
crop_2955.png,11,11,1,0.5819682478904724,0,0.0,1.0,2,2,0,2
crop_0344.png,8,8,1,0.7645110487937927,0,0.0,1.0,1,1,0,1
crop_0682.png,30,30,1,0.9410858750343323,0,0.0,1.0,2,2,0,2
crop_1608.png,35,35,1,0.9994967579841614,0,0.0,1.0,2,2,0,2
crop_2217.png,26,26,1,0.9974641799926758,0,0.0,1.0,2,2,0,2
crop_0635.png,46,40,0,0.9719828963279724,1,0.5,0.5,2,2,0,2
crop_2279.png,18,18,1,0.9449278116226196,0,0.0,1.0,2,2,0,2
crop_1901.png,48,48,1,0.9998635053634644,0,0.0,1.0,2,2,0,2
crop_1073.png,19,19,1,0.9999162554740906,0,0.0,1.0,2,2,0,2
crop_1949.png,30,30,1,0.9130182266235352,0,0.0,1.0,2,2,0,2
crop_1206.png,60,60,1,0.9908112287521362,0,0.0,1.0,2,2,0,2
crop_2327.png,5,5,1,0.9968882203102112,0,0.0,1.0,1,1,0,1
crop_2258.png,45,45,1,0.9994783401489258,0,0.0,1.0,2,2,0,2
crop_0216.png,30,..,0,0.2815416753292084,2,1.0,0.0,2,2,0,2
crop_0894.png,29,29,1,0.9999781847000122,0,0.0,1.0,2,2,0,2
crop_2608.png,9,9,1,0.9848169684410095,0,0.0,1.0,1,1,0,1
crop_2549.png,15,,0,,2,1.0,0.0,2,0,-2,2
crop_2931.png,1,,0,,1,1.0,0.0,1,0,-1,1
crop_1449.png,11,,0,,2,1.0,0.0,2,0,-2,2
crop_0351.png,68,68,1,0.9949295520782471,0,0.0,1.0,2,2,0,2
crop_1575.png,23,23,1,0.9998980164527893,0,0.0,1.0,2,2,0,2
crop_0042.png,68,00,0,0.5261204242706299,2,1.0,0.0,2,2,0,2
crop_0829.png,39,39,1,0.9992584586143494,0,0.0,1.0,2,2,0,2
crop_1802.png,23,23,1,0.9999951124191284,0,0.0,1.0,2,2,0,2
crop_1411.png,7,7,1,0.9992755055427551,0,0.0,1.0,1,1,0,1
crop_0855.png,30,30,1,0.9485448598861694,0,0.0,1.0,2,2,0,2
crop_1311.png,27,27,1,0.9999533295631409,0,0.0,1.0,2,2,0,2
crop_0828.png,36,36,1,0.9999927282333374,0,0.0,1.0,2,2,0,2
crop_1174.png,57,57,1,0.9996303915977478,0,0.0,1.0,2,2,0,2
crop_0879.png,37,37,1,0.9999462962150574,0,0.0,1.0,2,2,0,2
crop_2506.png,24,24,1,0.9988365173339844,0,0.0,1.0,2,2,0,2
crop_2163.png,30,36,0,0.8279780149459839,1,0.5,0.5,2,2,0,2
crop_0159.png,61,61,1,0.9243761301040649,0,0.0,1.0,2,2,0,2
crop_2763.png,5,3,0,0.8546772003173828,1,1.0,0.0,1,1,0,1
crop_2656.png,6,6,1,0.9969931840896606,0,0.0,1.0,1,1,0,1
crop_0893.png,28,28,1,0.9999380707740784,0,0.0,1.0,2,2,0,2
crop_2790.png,15,1.5,0,0.9828065037727356,1,0.5,0.5,2,3,1,2
crop_2512.png,26,26,1,0.9999251961708069,0,0.0,1.0,2,2,0,2
crop_2593.png,10,10,1,0.9972174763679504,0,0.0,1.0,2,2,0,2
crop_2571.png,16,6,0,0.7343040704727173,1,0.5,0.5,2,1,-1,2
crop_1368.png,15,15,1,0.9978453516960144,0,0.0,1.0,2,2,0,2
crop_1144.png,29,29,1,0.9809337258338928,0,0.0,1.0,2,2,0,2
crop_1024.png,11,,0,0.9647645950317383,2,1.0,0.0,2,0,-2,2
crop_1830.png,33,33,1,0.9999294877052307,0,0.0,1.0,2,2,0,2
crop_1090.png,27,27,1,0.9999901056289673,0,0.0,1.0,2,2,0,2
crop_2694.png,3,3,1,0.9995132684707642,0,0.0,1.0,1,1,0,1
crop_0264.png,53,53,1,0.99842369556427,0,0.0,1.0,2,2,0,2
crop_1795.png,19,19,1,0.9833332300186157,0,0.0,1.0,2,2,0,2
crop_1658.png,22,22,1,0.9997533559799194,0,0.0,1.0,2,2,0,2
crop_2744.png,14,14,1,0.9929916858673096,0,0.0,1.0,2,2,0,2
crop_1417.png,5,.5,0,0.8431421518325806,1,1.0,0.0,1,2,1,1
crop_0245.png,54,54,1,0.9598311185836792,0,0.0,1.0,2,2,0,2
crop_1736.png,14,24,0,0.8795028924942017,1,0.5,0.5,2,2,0,2
crop_2053.png,14,14,1,0.9992387294769287,0,0.0,1.0,2,2,0,2
crop_0523.png,9,9,1,0.995519757270813,0,0.0,1.0,1,1,0,1
crop_2339.png,3,3,1,0.9956569671630859,0,0.0,1.0,1,1,0,1
crop_2599.png,9,9,1,0.8689083456993103,0,0.0,1.0,1,1,0,1
crop_1601.png,36,36,1,0.9999904632568359,0,0.0,1.0,2,2,0,2
crop_2972.png,12,12,1,0.9997866153717041,0,0.0,1.0,2,2,0,2
crop_0015.png,53,53,1,0.999281644821167,0,0.0,1.0,2,2,0,2
crop_0112.png,38,38,1,0.9997736215591431,0,0.0,1.0,2,2,0,2
crop_1227.png,72,72,1,0.9964593648910522,0,0.0,1.0,2,2,0,2
crop_0809.png,65,65,1,0.9999395608901978,0,0.0,1.0,2,2,0,2
crop_0451.png,70,70,1,0.9925752878189087,0,0.0,1.0,2,2,0,2
crop_0093.png,45,4.5,0,0.9639083743095398,1,0.5,0.5,2,3,1,2
crop_0631.png,38,38,1,0.9968395233154297,0,0.0,1.0,2,2,0,2
crop_2606.png,5,5,1,0.9924443364143372,0,0.0,1.0,1,1,0,1
crop_1079.png,18,18,1,0.9998351335525513,0,0.0,1.0,2,2,0,2
crop_2247.png,4,,0,,1,1.0,0.0,1,0,-1,1
crop_1214.png,47,47,1,0.9999547004699707,0,0.0,1.0,2,2,0,2
crop_2746.png,12,12,1,0.9996210932731628,0,0.0,1.0,2,2,0,2
crop_1821.png,23,23,1,0.999931275844574,0,0.0,1.0,2,2,0,2
crop_0580.png,51,51,1,0.9595681428909302,0,0.0,1.0,2,2,0,2
crop_0227.png,3,3,1,0.999685525894165,0,0.0,1.0,1,1,0,1
crop_2179.png,28,28,1,0.9995293617248535,0,0.0,1.0,2,2,0,2
crop_2026.png,15,15,1,0.9982637166976929,0,0.0,1.0,2,2,0,2
crop_0233.png,31,4,0,0.13626042008399963,2,1.0,0.0,2,1,-1,2
crop_2325.png,2,2,1,0.9999501705169678,0,0.0,1.0,1,1,0,1
crop_0441.png,84,84,1,0.9965695142745972,0,0.0,1.0,2,2,0,2
crop_2084.png,12,12,1,0.9999258518218994,0,0.0,1.0,2,2,0,2
crop_0848.png,27,27,1,0.9999814629554749,0,0.0,1.0,2,2,0,2
crop_0905.png,23,2.7,0,0.9390190243721008,2,1.0,0.0,2,3,1,2
crop_1829.png,27,27,1,0.9999454617500305,0,0.0,1.0,2,2,0,2
crop_2312.png,8,8,1,0.9924335479736328,0,0.0,1.0,1,1,0,1
crop_1868.png,29,29,1,0.9960609674453735,0,0.0,1.0,2,2,0,2
crop_2401.png,7,7,1,0.9996702671051025,0,0.0,1.0,1,1,0,1
crop_2249.png,2,2,1,0.9998675584793091,0,0.0,1.0,1,1,0,1
crop_0557.png,33,3.3,0,0.9963984489440918,1,0.5,0.5,2,3,1,2
crop_0167.png,57,57,1,0.9928334951400757,0,0.0,1.0,2,2,0,2
crop_1380.png,8,,0,,1,1.0,0.0,1,0,-1,1
crop_2569.png,15,15,1,0.9669001698493958,0,0.0,1.0,2,2,0,2
crop_1265.png,21,22,0,0.9886668920516968,1,0.5,0.5,2,2,0,2
crop_1459.png,9,2,0,0.8848671913146973,1,1.0,0.0,1,1,0,1
crop_0318.png,53,53,1,0.9988443851470947,0,0.0,1.0,2,2,0,2
crop_1625.png,51,,0,0.0,2,1.0,0.0,2,0,-2,2
crop_0173.png,51,5,0,0.9148043990135193,1,0.5,0.5,2,1,-1,2
crop_1221.png,48,48,1,0.992487907409668,0,0.0,1.0,2,2,0,2
crop_2474.png,35,45,0,0.7630019187927246,1,0.5,0.5,2,2,0,2
crop_1918.png,60,60,1,0.96692955493927,0,0.0,1.0,2,2,0,2
crop_0638.png,31,31,1,0.98847496509552,0,0.0,1.0,2,2,0,2
crop_0757.png,7,,0,0.3870479166507721,1,1.0,0.0,1,0,-1,1
crop_2821.png,22,22,1,0.999800443649292,0,0.0,1.0,2,2,0,2
crop_0698.png,32,32,1,0.9999541640281677,0,0.0,1.0,2,2,0,2
crop_1570.png,26,26,1,0.9995558261871338,0,0.0,1.0,2,2,0,2
crop_0859.png,31,3,0,0.993577778339386,1,0.5,0.5,2,1,-1,2
crop_0770.png,61,61,1,0.9510483741760254,0,0.0,1.0,2,2,0,2
crop_1559.png,23,23,1,0.9999391436576843,0,0.0,1.0,2,2,0,2
crop_2456.png,16,,0,0.7795270085334778,2,1.0,0.0,2,0,-2,2
crop_1674.png,9,2,0,0.9970743656158447,1,1.0,0.0,1,1,0,1
crop_0062.png,67,67,1,0.9916952252388,0,0.0,1.0,2,2,0,2
crop_1579.png,22,22,1,0.9969329833984375,0,0.0,1.0,2,2,0,2
crop_2776.png,9,2,0,0.8622457385063171,1,1.0,0.0,1,1,0,1
crop_0142.png,63,63,1,0.9998401403427124,0,0.0,1.0,2,2,0,2
crop_0820.png,80,8,0,0.9437666535377502,1,0.5,0.5,2,1,-1,2
crop_1346.png,23,2.3,0,0.9977307319641113,1,0.5,0.5,2,3,1,2
crop_2427.png,34,34,1,0.9999642968177795,0,0.0,1.0,2,2,0,2
crop_2766.png,9,9,1,0.7422593832015991,0,0.0,1.0,1,1,0,1
crop_0371.png,64,64,1,0.7584847211837769,0,0.0,1.0,2,2,0,2
crop_0012.png,48,48,1,0.9982098340988159,0,0.0,1.0,2,2,0,2
crop_0718.png,29,29,1,0.9998925924301147,0,0.0,1.0,2,2,0,2
crop_2476.png,22,2,0,0.9999336004257202,1,0.5,0.5,2,1,-1,2
crop_1808.png,17,17,1,0.9771037101745605,0,0.0,1.0,2,2,0,2
crop_1439.png,12,12,1,0.9884490966796875,0,0.0,1.0,2,2,0,2
crop_2848.png,28,28,1,0.9998660683631897,0,0.0,1.0,2,2,0,2
crop_0369.png,62,62,1,0.9979156255722046,0,0.0,1.0,2,2,0,2
crop_1920.png,47,47,1,0.9999490976333618,0,0.0,1.0,2,2,0,2
crop_2042.png,16,16,1,0.9992979764938354,0,0.0,1.0,2,2,0,2
crop_1420.png,1,1,1,0.5525891184806824,0,0.0,1.0,1,1,0,1
crop_1347.png,18,18,1,0.977206826210022,0,0.0,1.0,2,2,0,2
crop_1247.png,48,48,1,0.9989661574363708,0,0.0,1.0,2,2,0,2
crop_0053.png,66,66,1,0.999965488910675,0,0.0,1.0,2,2,0,2
crop_2736.png,7,7,1,0.999790608882904,0,0.0,1.0,1,1,0,1
crop_1316.png,29,29,1,0.9930239915847778,0,0.0,1.0,2,2,0,2
crop_2241.png,18,18,1,0.9980328679084778,0,0.0,1.0,2,2,0,2
crop_1256.png,46,46,1,0.999900758266449,0,0.0,1.0,2,2,0,2
crop_1273.png,31,31,1,0.7911182641983032,0,0.0,1.0,2,2,0,2
crop_1148.png,38,38,1,0.9998246431350708,0,0.0,1.0,2,2,0,2
crop_0878.png,38,.7,0,0.285556823015213,2,1.0,0.0,2,2,0,2
crop_0463.png,68,68,1,0.995124101638794,0,0.0,1.0,2,2,0,2
crop_2488.png,29,29,1,0.9996423721313477,0,0.0,1.0,2,2,0,2
crop_0570.png,55,55,1,0.9986516833305359,0,0.0,1.0,2,2,0,2
crop_1776.png,20,20,1,0.9986817240715027,0,0.0,1.0,2,2,0,2
crop_1746.png,22,22,1,0.9999539256095886,0,0.0,1.0,2,2,0,2
crop_2056.png,19,19,1,0.9960525035858154,0,0.0,1.0,2,2,0,2
crop_2117.png,10,10,1,0.9995659589767456,0,0.0,1.0,2,2,0,2
crop_2374.png,9,9,1,0.94953852891922,0,0.0,1.0,1,1,0,1
crop_0459.png,39,39,1,0.8281056880950928,0,0.0,1.0,2,2,0,2
crop_0987.png,2,,0,,1,1.0,0.0,1,0,-1,1
crop_2548.png,15,15,1,0.9489924907684326,0,0.0,1.0,2,2,0,2
crop_1702.png,14,14,1,0.9930368661880493,0,0.0,1.0,2,2,0,2
crop_2845.png,30,32,0,0.7854335308074951,1,0.5,0.5,2,2,0,2
crop_2043.png,16,16,1,0.9989359378814697,0,0.0,1.0,2,2,0,2
crop_1183.png,70,70,1,0.7007913589477539,0,0.0,1.0,2,2,0,2
crop_0212.png,53,53,1,0.9998315572738647,0,0.0,1.0,2,2,0,2
crop_2447.png,29,29,1,0.7637585997581482,0,0.0,1.0,2,2,0,2
crop_0639.png,28,28,1,0.9998986721038818,0,0.0,1.0,2,2,0,2
crop_1229.png,68,68,1,0.9996024370193481,0,0.0,1.0,2,2,0,2
crop_1878.png,31,37,0,0.7100505828857422,1,0.5,0.5,2,2,0,2
crop_2123.png,12,12,1,0.9973452091217041,0,0.0,1.0,2,2,0,2
crop_1560.png,26,26,1,0.9950664639472961,0,0.0,1.0,2,2,0,2
crop_2354.png,6,6,1,0.9999175071716309,0,0.0,1.0,1,1,0,1
crop_1545.png,14,14,1,0.7629591226577759,0,0.0,1.0,2,2,0,2
crop_0724.png,23,23,1,0.999658465385437,0,0.0,1.0,2,2,0,2
crop_2992.png,5,5,1,0.9999572038650513,0,0.0,1.0,1,1,0,1
crop_1676.png,18,18,1,0.9991054534912109,0,0.0,1.0,2,2,0,2
crop_2966.png,12,12,1,0.9972940683364868,0,0.0,1.0,2,2,0,2
crop_0675.png,35,3.5,0,0.9331451058387756,1,0.5,0.5,2,3,1,2
crop_1836.png,54,54,1,0.9999620318412781,0,0.0,1.0,2,2,0,2
crop_1150.png,26,26,1,0.9999350309371948,0,0.0,1.0,2,2,0,2
crop_1201.png,59,69,0,0.9040018320083618,1,0.5,0.5,2,2,0,2
crop_2999.png,4,4,1,0.9980430603027344,0,0.0,1.0,1,1,0,1
crop_2114.png,16,16,1,0.9783029556274414,0,0.0,1.0,2,2,0,2
crop_1644.png,47,47,1,0.9648546576499939,0,0.0,1.0,2,2,0,2
crop_0763.png,56,50,0,0.7300999760627747,1,0.5,0.5,2,2,0,2
crop_2642.png,9,9,1,0.7286511063575745,0,0.0,1.0,1,1,0,1
crop_1524.png,25,25,1,0.9727667570114136,0,0.0,1.0,2,2,0,2
crop_0197.png,24,28,0,0.9999292492866516,1,0.5,0.5,2,2,0,2
crop_0884.png,30,30,1,0.9756653904914856,0,0.0,1.0,2,2,0,2
crop_0190.png,27,27,1,0.9999926090240479,0,0.0,1.0,2,2,0,2
crop_0174.png,55,35,0,0.781351625919342,1,0.5,0.5,2,2,0,2
crop_2210.png,38,38,1,0.7974234223365784,0,0.0,1.0,2,2,0,2
crop_0137.png,63,70.,0,0.6294025778770447,3,1.5,0.0,2,3,1,2
crop_0971.png,4,,0,0.41747742891311646,1,1.0,0.0,1,0,-1,1
crop_1406.png,6,6,1,0.9995881915092468,0,0.0,1.0,1,1,0,1
crop_0312.png,16,16,1,0.9991901516914368,0,0.0,1.0,2,2,0,2
crop_0766.png,60,6,0,0.7406083345413208,1,0.5,0.5,2,1,-1,2
crop_2556.png,22,22.,0,0.9628128409385681,1,0.5,0.5,2,3,1,2
crop_1362.png,12,22,0,0.9438678026199341,1,0.5,0.5,2,2,0,2
crop_1548.png,25,25,1,0.9985446333885193,0,0.0,1.0,2,2,0,2
crop_0874.png,35,35,1,0.9968119263648987,0,0.0,1.0,2,2,0,2
crop_0640.png,3,,0,,1,1.0,0.0,1,0,-1,1
crop_0194.png,29,9,0,0.3237050473690033,1,0.5,0.5,2,1,-1,2
crop_2938.png,3,3,1,0.9999943971633911,0,0.0,1.0,1,1,0,1
crop_2171.png,27,27,1,0.9999937415122986,0,0.0,1.0,2,2,0,2
crop_2335.png,3,3,1,0.9998387098312378,0,0.0,1.0,1,1,0,1
crop_0928.png,21,21,1,0.9948599338531494,0,0.0,1.0,2,2,0,2
crop_0694.png,28,28,1,0.9891578555107117,0,0.0,1.0,2,2,0,2
crop_2396.png,8,8,1,0.6829161643981934,0,0.0,1.0,1,1,0,1
crop_2229.png,18,18,1,0.9978233575820923,0,0.0,1.0,2,2,0,2
crop_2817.png,29,29,1,0.929268479347229,0,0.0,1.0,2,2,0,2
crop_0880.png,37,37,1,0.9993066787719727,0,0.0,1.0,2,2,0,2
crop_0440.png,107,107,1,0.9979797005653381,0,0.0,1.0,3,3,0,3
crop_1819.png,22,22,1,0.9993201494216919,0,0.0,1.0,2,2,0,2
crop_1129.png,32,32,1,0.9996450543403625,0,0.0,1.0,2,2,0,2
crop_1333.png,26,26,1,0.9976627826690674,0,0.0,1.0,2,2,0,2
crop_1970.png,29,29,1,0.9998515844345093,0,0.0,1.0,2,2,0,2
crop_2697.png,14,14,1,0.9867096543312073,0,0.0,1.0,2,2,0,2
crop_1437.png,15,15,1,0.9875680208206177,0,0.0,1.0,2,2,0,2
crop_2101.png,11,,0,0.8421487212181091,2,1.0,0.0,2,0,-2,2
crop_2974.png,2,2,1,0.9999878406524658,0,0.0,1.0,1,1,0,1
crop_2637.png,9,9,1,0.9645069241523743,0,0.0,1.0,1,1,0,1
crop_1035.png,7,7,1,0.9997939467430115,0,0.0,1.0,1,1,0,1
crop_1712.png,11,1,0,0.2721819579601288,1,0.5,0.5,2,1,-1,2
crop_2466.png,34,34,1,0.9999597668647766,0,0.0,1.0,2,2,0,2
crop_2647.png,6,6,1,0.9938260912895203,0,0.0,1.0,1,1,0,1
crop_2386.png,14,14,1,0.9997437000274658,0,0.0,1.0,2,2,0,2
crop_1860.png,34,34,1,0.999963641166687,0,0.0,1.0,2,2,0,2
crop_2572.png,15,15,1,0.9961276054382324,0,0.0,1.0,2,2,0,2
crop_1590.png,28,28,1,0.9999807476997375,0,0.0,1.0,2,2,0,2
crop_2211.png,11,,0,0.5601533055305481,2,1.0,0.0,2,0,-2,2
crop_1198.png,58,58,1,0.9996656179428101,0,0.0,1.0,2,2,0,2
crop_1296.png,29,29,1,0.9999018907546997,0,0.0,1.0,2,2,0,2
crop_1278.png,31,3....,0,0.8739744424819946,4,2.0,0.0,2,5,3,2
crop_0563.png,48,48,1,0.9999430775642395,0,0.0,1.0,2,2,0,2
crop_2376.png,8,8,1,0.9325055480003357,0,0.0,1.0,1,1,0,1
crop_0134.png,67,67,1,0.9999103546142578,0,0.0,1.0,2,2,0,2
crop_2190.png,41,4,0,0.944537341594696,1,0.5,0.5,2,1,-1,2
crop_2134.png,20,20,1,0.9999173283576965,0,0.0,1.0,2,2,0,2
crop_2018.png,12,12,1,0.9972914457321167,0,0.0,1.0,2,2,0,2
crop_0165.png,60,60,1,0.9980740547180176,0,0.0,1.0,2,2,0,2
crop_2097.png,12,12,1,0.998246431350708,0,0.0,1.0,2,2,0,2
crop_1690.png,6,6,1,0.999352753162384,0,0.0,1.0,1,1,0,1
crop_1458.png,17,27,0,0.8124885559082031,1,0.5,0.5,2,2,0,2
crop_1004.png,10,10,1,0.9971299171447754,0,0.0,1.0,2,2,0,2
crop_1743.png,22,22,1,0.9999721050262451,0,0.0,1.0,2,2,0,2
crop_1405.png,8,8,1,0.9794592261314392,0,0.0,1.0,1,1,0,1
crop_2649.png,5,5,1,0.997212827205658,0,0.0,1.0,1,1,0,1
crop_0822.png,82,82,1,0.9994467496871948,0,0.0,1.0,2,2,0,2
crop_2302.png,1,,0,,1,1.0,0.0,1,0,-1,1
crop_1995.png,20,20,1,0.9998949766159058,0,0.0,1.0,2,2,0,2
crop_0063.png,49,49,1,0.9998461008071899,0,0.0,1.0,2,2,0,2
crop_1317.png,29,29,1,0.9999765157699585,0,0.0,1.0,2,2,0,2
crop_2911.png,10,10,1,0.6264923810958862,0,0.0,1.0,2,2,0,2
crop_2789.png,6,9,0,0.5135791897773743,1,1.0,0.0,1,1,0,1
crop_1067.png,10,15,0,0.8805103302001953,1,0.5,0.5,2,2,0,2
crop_1349.png,16,16,1,0.9491645693778992,0,0.0,1.0,2,2,0,2
crop_1604.png,39,39,1,0.9998642206192017,0,0.0,1.0,2,2,0,2
crop_1489.png,9,13,0,0.9976236820220947,2,2.0,0.0,1,2,1,1
crop_0088.png,53,53,1,0.9998979568481445,0,0.0,1.0,2,2,0,2
crop_2139.png,12,12,1,0.9990407228469849,0,0.0,1.0,2,2,0,2
crop_2610.png,10,10,1,0.9973615407943726,0,0.0,1.0,2,2,0,2
crop_1031.png,0,,0,0.6138375997543335,1,1.0,0.0,1,0,-1,1
crop_0925.png,3,3,1,0.9999717473983765,0,0.0,1.0,1,1,0,1
crop_2343.png,7,7,1,0.9999750852584839,0,0.0,1.0,1,1,0,1
crop_2704.png,11,11,1,0.4832732081413269,0,0.0,1.0,2,2,0,2
crop_1051.png,18,18,1,0.9795174598693848,0,0.0,1.0,2,2,0,2
crop_0741.png,29,29,1,0.9951695799827576,0,0.0,1.0,2,2,0,2
crop_1882.png,43,43,1,0.9994508028030396,0,0.0,1.0,2,2,0,2
crop_2340.png,3,3,1,0.9999569654464722,0,0.0,1.0,1,1,0,1
crop_0975.png,4,4,1,0.9989259839057922,0,0.0,1.0,1,1,0,1
crop_3000.png,6,6,1,0.8716272711753845,0,0.0,1.0,1,1,0,1
crop_1527.png,25,25,1,0.9999874234199524,0,0.0,1.0,2,2,0,2
crop_2690.png,4,4,1,0.8766384124755859,0,0.0,1.0,1,1,0,1
crop_1978.png,41,4,0,0.997706413269043,1,0.5,0.5,2,1,-1,2
crop_2918.png,9,,0,0.6855638027191162,1,1.0,0.0,1,0,-1,1
crop_1519.png,7,7,1,0.9999517202377319,0,0.0,1.0,1,1,0,1
crop_0259.png,52,53,0,0.9996453523635864,1,0.5,0.5,2,2,0,2
crop_0107.png,40,40,1,0.9638549089431763,0,0.0,1.0,2,2,0,2
crop_0543.png,25,25,1,0.9998068809509277,0,0.0,1.0,2,2,0,2
crop_3003.png,1,1,1,0.9976766705513,0,0.0,1.0,1,1,0,1
crop_2634.png,8,8,1,0.9923490285873413,0,0.0,1.0,1,1,0,1
crop_0663.png,38,38,1,0.9990040063858032,0,0.0,1.0,2,2,0,2
crop_2250.png,11,1,0,0.42941269278526306,1,0.5,0.5,2,1,-1,2
crop_0487.png,58,58,1,0.9996731281280518,0,0.0,1.0,2,2,0,2
crop_1614.png,59,59,1,0.9978182911872864,0,0.0,1.0,2,2,0,2
crop_1617.png,51,5,0,0.9986120462417603,1,0.5,0.5,2,1,-1,2
crop_0733.png,2,2,1,0.9998257756233215,0,0.0,1.0,1,1,0,1
crop_0030.png,64,,0,,2,1.0,0.0,2,0,-2,2
crop_2419.png,31,3,0,0.9997603297233582,1,0.5,0.5,2,1,-1,2
crop_0052.png,70,70,1,0.9903985261917114,0,0.0,1.0,2,2,0,2
crop_2777.png,9,,0,,1,1.0,0.0,1,0,-1,1
crop_0225.png,28,28,1,0.9976913332939148,0,0.0,1.0,2,2,0,2
crop_0357.png,58,58,1,0.969828724861145,0,0.0,1.0,2,2,0,2
crop_2886.png,27,27,1,0.999719500541687,0,0.0,1.0,2,2,0,2
crop_1822.png,26,26,1,0.9999558925628662,0,0.0,1.0,2,2,0,2
crop_1707.png,7,,0,,1,1.0,0.0,1,0,-1,1
crop_0266.png,55,55,1,0.9985874891281128,0,0.0,1.0,2,2,0,2
crop_0296.png,61,,0,0.7715867757797241,2,1.0,0.0,2,0,-2,2
crop_0567.png,62,62,1,0.999253511428833,0,0.0,1.0,2,2,0,2
crop_2040.png,16,16,1,0.9929265975952148,0,0.0,1.0,2,2,0,2
crop_1220.png,51,5,0,0.9075150489807129,1,0.5,0.5,2,1,-1,2
crop_1807.png,17,17,1,0.9880245923995972,0,0.0,1.0,2,2,0,2
crop_0302.png,8,,0,0.9604016542434692,1,1.0,0.0,1,0,-1,1
crop_1585.png,29,29,1,0.9999971389770508,0,0.0,1.0,2,2,0,2
crop_1957.png,34,34,1,0.9999608993530273,0,0.0,1.0,2,2,0,2
crop_0477.png,57,157,0,0.7855921983718872,1,0.5,0.5,2,3,1,2
crop_2319.png,5,5,1,0.9997062087059021,0,0.0,1.0,1,1,0,1
crop_2957.png,11,11,1,0.981411337852478,0,0.0,1.0,2,2,0,2
crop_2631.png,7,7,1,0.9899751543998718,0,0.0,1.0,1,1,0,1
crop_2424.png,32,32,1,0.9989011287689209,0,0.0,1.0,2,2,0,2
crop_1567.png,26,26,1,0.9992736577987671,0,0.0,1.0,2,2,0,2
crop_1941.png,19,.19..,0,0.7835361361503601,3,1.5,0.0,2,5,3,2
crop_2515.png,20,20,1,0.9053869247436523,0,0.0,1.0,2,2,0,2
crop_1156.png,30,30,1,0.9942793250083923,0,0.0,1.0,2,2,0,2
crop_1666.png,6,0,0,0.27915823459625244,1,1.0,0.0,1,1,0,1
crop_0257.png,59,59,1,0.9998704195022583,0,0.0,1.0,2,2,0,2
crop_0498.png,9,,0,,1,1.0,0.0,1,0,-1,1
crop_0683.png,30,30,1,0.9945412874221802,0,0.0,1.0,2,2,0,2
crop_1611.png,58,58,1,0.9994902610778809,0,0.0,1.0,2,2,0,2
crop_0103.png,47,47,1,0.9999187588691711,0,0.0,1.0,2,2,0,2
crop_0043.png,64,64,1,0.9994398355484009,0,0.0,1.0,2,2,0,2
crop_2843.png,6,6,1,0.998258650302887,0,0.0,1.0,1,1,0,1
crop_2983.png,5,5,1,0.9995726943016052,0,0.0,1.0,1,1,0,1
crop_1314.png,27,27,1,0.9999539256095886,0,0.0,1.0,2,2,0,2
crop_0434.png,61,61,1,0.663155198097229,0,0.0,1.0,2,2,0,2
crop_1357.png,16,16,1,0.993163526058197,0,0.0,1.0,2,2,0,2
crop_2949.png,1,,0,,1,1.0,0.0,1,0,-1,1
crop_2305.png,1,,0,,1,1.0,0.0,1,0,-1,1
crop_0250.png,56,56,1,0.9951987266540527,0,0.0,1.0,2,2,0,2
crop_0388.png,47,47,1,0.9997948408126831,0,0.0,1.0,2,2,0,2
crop_0565.png,52,52,1,0.9999447464942932,0,0.0,1.0,2,2,0,2
crop_2467.png,34,34,1,0.9999746084213257,0,0.0,1.0,2,2,0,2
crop_0124.png,63,63,1,0.9999731779098511,0,0.0,1.0,2,2,0,2
crop_2370.png,6,6,1,0.9996885061264038,0,0.0,1.0,1,1,0,1
crop_2125.png,11,1.,0,0.7405073642730713,1,0.5,0.5,2,2,0,2
crop_2132.png,13,23,0,0.8501632809638977,1,0.5,0.5,2,2,0,2
crop_0752.png,37,37,1,0.9996452331542969,0,0.0,1.0,2,2,0,2
crop_1841.png,31,3,0,0.9960118532180786,1,0.5,0.5,2,1,-1,2
crop_0203.png,31,31,1,0.9792187213897705,0,0.0,1.0,2,2,0,2
crop_0742.png,33,33,1,0.9998534917831421,0,0.0,1.0,2,2,0,2
crop_0483.png,69,69,1,0.9696443676948547,0,0.0,1.0,2,2,0,2
crop_0910.png,27,27,1,0.9997537136077881,0,0.0,1.0,2,2,0,2
crop_2109.png,12,07,0,0.39419025182724,2,1.0,0.0,2,2,0,2
crop_2532.png,20,20,1,0.9999118447303772,0,0.0,1.0,2,2,0,2
crop_2228.png,7,72,0,0.9807479381561279,1,1.0,0.0,1,2,1,1
crop_1867.png,32,32,1,0.9999730587005615,0,0.0,1.0,2,2,0,2
crop_0067.png,55,55,1,0.9997522234916687,0,0.0,1.0,2,2,0,2
crop_0572.png,58,58,1,0.9990326166152954,0,0.0,1.0,2,2,0,2
crop_0835.png,45,45,1,0.7648519277572632,0,0.0,1.0,2,2,0,2
crop_1260.png,35,35,1,0.996050238609314,0,0.0,1.0,2,2,0,2
crop_2032.png,16,16,1,0.9818248748779297,0,0.0,1.0,2,2,0,2
crop_0202.png,23,,0,0.0,2,1.0,0.0,2,0,-2,2
crop_1341.png,22,22,1,0.9997224807739258,0,0.0,1.0,2,2,0,2
crop_0849.png,34,34,1,0.9999342560768127,0,0.0,1.0,2,2,0,2
crop_1969.png,44,44,1,0.9987722635269165,0,0.0,1.0,2,2,0,2
crop_1488.png,13,13,1,0.9976236820220947,0,0.0,1.0,2,2,0,2
crop_1520.png,5,,0,0.5481595396995544,1,1.0,0.0,1,0,-1,1
crop_2035.png,16,16,1,0.9995378255844116,0,0.0,1.0,2,2,0,2
crop_2934.png,6,6,1,0.9996435642242432,0,0.0,1.0,1,1,0,1
crop_2436.png,24,24,1,0.9986207485198975,0,0.0,1.0,2,2,0,2
crop_1426.png,7,7,1,0.9999599456787109,0,0.0,1.0,1,1,0,1
crop_1521.png,19,,0,,2,1.0,0.0,2,0,-2,2
crop_1373.png,8,8,1,0.9971615076065063,0,0.0,1.0,1,1,0,1
crop_0759.png,63,63,1,0.9999087452888489,0,0.0,1.0,2,2,0,2
crop_0929.png,20,20,1,0.9998112916946411,0,0.0,1.0,2,2,0,2
crop_2700.png,2,2,1,0.9999686479568481,0,0.0,1.0,1,1,0,1
crop_0277.png,61,61,1,0.9784858226776123,0,0.0,1.0,2,2,0,2
crop_1100.png,29,29,1,0.9999520778656006,0,0.0,1.0,2,2,0,2
crop_1940.png,29,29,1,0.9999094009399414,0,0.0,1.0,2,2,0,2
crop_0199.png,27,27,1,0.9999377727508545,0,0.0,1.0,2,2,0,2
crop_2824.png,13,13,1,0.7896189093589783,0,0.0,1.0,2,2,0,2
crop_2679.png,9,9,1,0.999556839466095,0,0.0,1.0,1,1,0,1
crop_0623.png,11,,0,,2,1.0,0.0,2,0,-2,2
crop_0076.png,52,52,1,0.9988214373588562,0,0.0,1.0,2,2,0,2
crop_0092.png,48,48,1,0.9997950196266174,0,0.0,1.0,2,2,0,2
crop_2511.png,36,36,1,0.9999116659164429,0,0.0,1.0,2,2,0,2
crop_0238.png,32,32,1,0.9681637287139893,0,0.0,1.0,2,2,0,2
crop_2667.png,5,5,1,0.9994542002677917,0,0.0,1.0,1,1,0,1
crop_1329.png,22,22,1,0.9139874577522278,0,0.0,1.0,2,2,0,2
crop_2711.png,15,10,0,0.8364842534065247,1,0.5,0.5,2,2,0,2
crop_1435.png,14,14,1,0.9983724355697632,0,0.0,1.0,2,2,0,2
crop_0950.png,10,20,0,0.9552058577537537,1,0.5,0.5,2,2,0,2
crop_1687.png,12,12,1,0.9977478981018066,0,0.0,1.0,2,2,0,2
crop_1301.png,28,28,1,0.9997534155845642,0,0.0,1.0,2,2,0,2
crop_0129.png,65,65,1,0.9932553768157959,0,0.0,1.0,2,2,0,2
crop_1326.png,32,32,1,0.9995603561401367,0,0.0,1.0,2,2,0,2
crop_0453.png,55,55,1,0.9945886135101318,0,0.0,1.0,2,2,0,2
crop_1249.png,45,45,1,0.9992032051086426,0,0.0,1.0,2,2,0,2
crop_0671.png,44,44,1,0.9880821704864502,0,0.0,1.0,2,2,0,2
crop_1149.png,21,.,0,0.9605186581611633,2,1.0,0.0,2,1,-1,2
crop_1268.png,25,2.5,0,0.920184314250946,1,0.5,0.5,2,3,1,2
crop_2300.png,6,,0,,1,1.0,0.0,1,0,-1,1
crop_0965.png,3,3,1,0.999962329864502,0,0.0,1.0,1,1,0,1
crop_2206.png,34,34,1,0.8817055821418762,0,0.0,1.0,2,2,0,2
crop_2351.png,2,2,1,0.9998704195022583,0,0.0,1.0,1,1,0,1
crop_2752.png,20,20,1,0.997644305229187,0,0.0,1.0,2,2,0,2
crop_0760.png,63,63,1,0.9999198913574219,0,0.0,1.0,2,2,0,2
crop_1307.png,27,27,1,0.999930202960968,0,0.0,1.0,2,2,0,2
crop_1684.png,11,,0,,2,1.0,0.0,2,0,-2,2
crop_2380.png,7,7,1,0.9998216032981873,0,0.0,1.0,1,1,0,1
crop_1197.png,58,58,1,0.9923616647720337,0,0.0,1.0,2,2,0,2
crop_2078.png,17,17,1,0.9947992563247681,0,0.0,1.0,2,2,0,2
crop_2373.png,7,..,0,0.6390572786331177,2,2.0,0.0,1,2,1,1
crop_1533.png,26,26,1,0.999862790107727,0,0.0,1.0,2,2,0,2
crop_2275.png,4,,0,,1,1.0,0.0,1,0,-1,1
crop_0754.png,38,38,1,0.9993529319763184,0,0.0,1.0,2,2,0,2
crop_2218.png,18,18,1,0.8054198026657104,0,0.0,1.0,2,2,0,2
crop_0253.png,58,57,0,0.9990481734275818,1,0.5,0.5,2,2,0,2
crop_1098.png,31,3,0,0.8167592287063599,1,0.5,0.5,2,1,-1,2
crop_2768.png,1,1,1,0.5954043865203857,0,0.0,1.0,1,1,0,1
crop_0028.png,60,6,0,0.7286786437034607,1,0.5,0.5,2,1,-1,2
crop_0808.png,62,62,1,0.8590148687362671,0,0.0,1.0,2,2,0,2
crop_1619.png,55,53,0,0.9991618394851685,1,0.5,0.5,2,2,0,2
crop_1800.png,21,21,1,0.9690980911254883,0,0.0,1.0,2,2,0,2
crop_1982.png,7,7,1,0.9216650128364563,0,0.0,1.0,1,1,0,1
crop_2547.png,21,,0,,2,1.0,0.0,2,0,-2,2
crop_1777.png,20,20,1,0.9999547004699707,0,0.0,1.0,2,2,0,2
crop_2709.png,7,,0,,1,1.0,0.0,1,0,-1,1
crop_0813.png,87,87,1,0.8982971906661987,0,0.0,1.0,2,2,0,2
crop_1955.png,27,27,1,0.9999615550041199,0,0.0,1.0,2,2,0,2
crop_2295.png,3,3,1,0.9999735355377197,0,0.0,1.0,1,1,0,1
crop_1385.png,12,12,1,0.9999070167541504,0,0.0,1.0,2,2,0,2
crop_1761.png,16,16,1,0.9903862476348877,0,0.0,1.0,2,2,0,2
crop_0462.png,59,59,1,0.9965614080429077,0,0.0,1.0,2,2,0,2
crop_1544.png,23,23,1,0.999883234500885,0,0.0,1.0,2,2,0,2
crop_0288.png,62,62,1,0.9988430142402649,0,0.0,1.0,2,2,0,2
crop_0154.png,61,61,1,0.5378516316413879,0,0.0,1.0,2,2,0,2
crop_0959.png,5,5,1,0.9944985508918762,0,0.0,1.0,1,1,0,1
crop_0235.png,30,30,1,0.9672706127166748,0,0.0,1.0,2,2,0,2
crop_2963.png,5,5,1,0.9971184730529785,0,0.0,1.0,1,1,0,1
crop_1964.png,46,46,1,0.9958814382553101,0,0.0,1.0,2,2,0,2
crop_1528.png,26,26,1,0.953410804271698,0,0.0,1.0,2,2,0,2
crop_1799.png,21,21,1,0.9647555351257324,0,0.0,1.0,2,2,0,2
crop_1651.png,11,,0,0.0,2,1.0,0.0,2,0,-2,2
crop_2823.png,18,18,1,0.9951289892196655,0,0.0,1.0,2,2,0,2
crop_2876.png,17,17,1,0.9612480401992798,0,0.0,1.0,2,2,0,2
crop_0526.png,4,4,1,0.9969797134399414,0,0.0,1.0,1,1,0,1
crop_0336.png,35,30,0,0.8202993869781494,1,0.5,0.5,2,2,0,2
crop_1700.png,9,6,0,0.8312492966651917,1,1.0,0.0,1,1,0,1
crop_0558.png,49,49,1,0.9998754262924194,0,0.0,1.0,2,2,0,2
crop_1027.png,12,12,1,0.9985768795013428,0,0.0,1.0,2,2,0,2
crop_1909.png,26,20,0,0.9047733545303345,1,0.5,0.5,2,2,0,2
crop_0749.png,33,33,1,0.707963764667511,0,0.0,1.0,2,2,0,2
crop_1104.png,27,27,1,0.9999816417694092,0,0.0,1.0,2,2,0,2
crop_1610.png,50,50,1,0.9985672235488892,0,0.0,1.0,2,2,0,2
crop_0270.png,61,61,1,0.9358171224594116,0,0.0,1.0,2,2,0,2
crop_2221.png,3,3,1,0.9999650716781616,0,0.0,1.0,1,1,0,1
crop_0359.png,66,66,1,0.9991344213485718,0,0.0,1.0,2,2,0,2
crop_0850.png,29,29,1,0.9963696599006653,0,0.0,1.0,2,2,0,2
crop_1530.png,27,27,1,0.999984085559845,0,0.0,1.0,2,2,0,2
crop_2922.png,5,5,1,0.7457619905471802,0,0.0,1.0,1,1,0,1
crop_1921.png,30,,0,0.0,2,1.0,0.0,2,0,-2,2
crop_0184.png,40,40,1,0.9983828067779541,0,0.0,1.0,2,2,0,2
crop_0269.png,59,,0,0.783476710319519,2,1.0,0.0,2,0,-2,2
crop_1499.png,6,6,1,0.9998934268951416,0,0.0,1.0,1,1,0,1
crop_0747.png,31,3,0,0.9984939098358154,1,0.5,0.5,2,1,-1,2
crop_1186.png,81,81,1,0.8232386708259583,0,0.0,1.0,2,2,0,2
crop_0068.png,44,44,1,0.9999565482139587,0,0.0,1.0,2,2,0,2
crop_2785.png,10,10,1,0.9968491792678833,0,0.0,1.0,2,2,0,2
crop_1615.png,40,44,0,0.7995699644088745,1,0.5,0.5,2,2,0,2
crop_0632.png,35,3.5,0,0.9107510447502136,1,0.5,0.5,2,3,1,2
crop_2393.png,13,23,0,0.9677979946136475,1,0.5,0.5,2,2,0,2
crop_1323.png,27,27,1,0.9999938607215881,0,0.0,1.0,2,2,0,2
crop_2509.png,25,25,1,0.9999902248382568,0,0.0,1.0,2,2,0,2
crop_0198.png,34,34,1,0.9999903440475464,0,0.0,1.0,2,2,0,2
crop_2666.png,1,,0,,1,1.0,0.0,1,0,-1,1
crop_2686.png,5,5,1,0.9937340617179871,0,0.0,1.0,1,1,0,1
crop_2384.png,13,13,1,0.9716039896011353,0,0.0,1.0,2,2,0,2
crop_2626.png,11,1,0,0.7272805571556091,1,0.5,0.5,2,1,-1,2
crop_2102.png,12,12,1,0.9931017160415649,0,0.0,1.0,2,2,0,2
crop_2052.png,11,,0,0.6770114898681641,2,1.0,0.0,2,0,-2,2
crop_1476.png,8,,0,0.5563931465148926,1,1.0,0.0,1,0,-1,1
crop_1547.png,15,15.,0,0.8958227634429932,1,0.5,0.5,2,3,1,2
crop_1388.png,9,9,1,0.9991506338119507,0,0.0,1.0,1,1,0,1
crop_0513.png,1,,0,,1,1.0,0.0,1,0,-1,1
crop_2469.png,49,49,1,0.989940881729126,0,0.0,1.0,2,2,0,2
crop_0389.png,50,50,1,0.9885550737380981,0,0.0,1.0,2,2,0,2
crop_1303.png,21,21,1,0.9456830024719238,0,0.0,1.0,2,2,0,2
crop_0448.png,75,75,1,0.9995656609535217,0,0.0,1.0,2,2,0,2
crop_2291.png,14,,0,,2,1.0,0.0,2,0,-2,2
crop_2718.png,15,1.5,0,0.9490649700164795,1,0.5,0.5,2,3,1,2
crop_1243.png,56,66,0,0.955964207649231,1,0.5,0.5,2,2,0,2
crop_0471.png,50,50,1,0.9788893461227417,0,0.0,1.0,2,2,0,2
crop_2454.png,17,7,0,0.9847767353057861,1,0.5,0.5,2,1,-1,2
crop_2015.png,14,14,1,0.9573274850845337,0,0.0,1.0,2,2,0,2
crop_0586.png,55,55,1,0.9993093013763428,0,0.0,1.0,2,2,0,2
crop_1705.png,15,15,1,0.9994155764579773,0,0.0,1.0,2,2,0,2
crop_1017.png,6,6,1,0.9999669790267944,0,0.0,1.0,1,1,0,1
crop_1526.png,25,25,1,0.9998615980148315,0,0.0,1.0,2,2,0,2
crop_1241.png,52,52,1,0.9980543255805969,0,0.0,1.0,2,2,0,2
crop_2994.png,8,,0,0.1668402999639511,1,1.0,0.0,1,0,-1,1
crop_2004.png,24,24,1,0.9999872446060181,0,0.0,1.0,2,2,0,2
crop_1593.png,24,24,1,0.962973952293396,0,0.0,1.0,2,2,0,2
crop_2620.png,3,3,1,0.9999222755432129,0,0.0,1.0,1,1,0,1
crop_1771.png,17,17,1,0.7745406627655029,0,0.0,1.0,2,2,0,2
crop_1907.png,22,22,1,0.9999904036521912,0,0.0,1.0,2,2,0,2
crop_0016.png,57,53,0,0.999281644821167,1,0.5,0.5,2,2,0,2
crop_0562.png,54,134,0,0.7696844935417175,2,1.0,0.0,2,3,1,2
crop_2149.png,9,,0,,1,1.0,0.0,1,0,-1,1
crop_1348.png,19,,0,0.21692772209644318,2,1.0,0.0,2,0,-2,2
crop_2047.png,13,13,1,0.9965404868125916,0,0.0,1.0,2,2,0,2
crop_0044.png,64,64,1,0.999562680721283,0,0.0,1.0,2,2,0,2
crop_2452.png,27,27,1,0.99997878074646,0,0.0,1.0,2,2,0,2
crop_2555.png,20,20,1,0.9999802708625793,0,0.0,1.0,2,2,0,2
crop_0605.png,34,34,1,0.9999183416366577,0,0.0,1.0,2,2,0,2
crop_1177.png,49,49,1,0.9999933242797852,0,0.0,1.0,2,2,0,2
crop_0735.png,20,20,1,0.9997338056564331,0,0.0,1.0,2,2,0,2
crop_2012.png,16,16,1,0.9785747528076172,0,0.0,1.0,2,2,0,2
crop_0781.png,91,9,0,0.9997931122779846,1,0.5,0.5,2,1,-1,2
crop_2183.png,25,25,1,0.9999902844429016,0,0.0,1.0,2,2,0,2
crop_0218.png,34,34,1,0.9999510645866394,0,0.0,1.0,2,2,0,2
crop_0989.png,5,5,1,0.9993728995323181,0,0.0,1.0,1,1,0,1
crop_2432.png,28,28,1,0.7966612577438354,0,0.0,1.0,2,2,0,2
crop_2952.png,7,7,1,0.9999755620956421,0,0.0,1.0,1,1,0,1
crop_0407.png,81,81,1,0.9226424694061279,0,0.0,1.0,2,2,0,2
crop_0618.png,41,41,1,0.9873944520950317,0,0.0,1.0,2,2,0,2
crop_2978.png,11,1,0,0.5390539169311523,1,0.5,0.5,2,1,-1,2
crop_2057.png,14,14,1,0.9775992631912231,0,0.0,1.0,2,2,0,2
crop_0512.png,3,3,1,0.9999692440032959,0,0.0,1.0,1,1,0,1
crop_1413.png,4,4,1,0.996791660785675,0,0.0,1.0,1,1,0,1
crop_2269.png,12,12,1,0.982052206993103,0,0.0,1.0,2,2,0,2
crop_1308.png,27,27,1,0.9999896883964539,0,0.0,1.0,2,2,0,2
crop_0612.png,20,4,0,0.6927973031997681,2,1.0,0.0,2,1,-1,2
crop_1203.png,61,61,1,0.7599074840545654,0,0.0,1.0,2,2,0,2
crop_0707.png,9,9,1,0.9999104738235474,0,0.0,1.0,1,1,0,1
crop_0904.png,23,2.3,0,0.9228236675262451,1,0.5,0.5,2,3,1,2
crop_0151.png,65,65,1,0.9935897588729858,0,0.0,1.0,2,2,0,2
crop_0323.png,33,33,1,0.9999334216117859,0,0.0,1.0,2,2,0,2
crop_2693.png,6,6,1,0.9759858250617981,0,0.0,1.0,1,1,0,1
crop_1387.png,11,,0,0.6598016619682312,2,1.0,0.0,2,0,-2,2
crop_0589.png,50,50,1,0.7066447734832764,0,0.0,1.0,2,2,0,2
crop_2160.png,3,3,1,0.9999526739120483,0,0.0,1.0,1,1,0,1
crop_2996.png,5,5,1,0.9996836185455322,0,0.0,1.0,1,1,0,1
crop_1647.png,59,59,1,0.9996500611305237,0,0.0,1.0,2,2,0,2
crop_1840.png,41,,0,0.5602759718894958,2,1.0,0.0,2,0,-2,2
crop_0019.png,59,59,1,0.9731661677360535,0,0.0,1.0,2,2,0,2
crop_2106.png,11,,0,0.259948194026947,2,1.0,0.0,2,0,-2,2
crop_2369.png,3,3,1,0.9999679327011108,0,0.0,1.0,1,1,0,1
crop_0941.png,17,17,1,0.9991575479507446,0,0.0,1.0,2,2,0,2
crop_0520.png,6,,0,,1,1.0,0.0,1,0,-1,1
crop_1306.png,24,24,1,0.9999406933784485,0,0.0,1.0,2,2,0,2
crop_2594.png,8,,0,0.8876649737358093,1,1.0,0.0,1,0,-1,1
crop_0475.png,54,54,1,0.9898666143417358,0,0.0,1.0,2,2,0,2
crop_0293.png,59,59,1,0.9983469247817993,0,0.0,1.0,2,2,0,2
crop_1194.png,65,65,1,0.9842854738235474,0,0.0,1.0,2,2,0,2
crop_2868.png,7,,0,,1,1.0,0.0,1,0,-1,1
crop_1019.png,7,7,1,0.999915361404419,0,0.0,1.0,1,1,0,1
crop_0493.png,28,2,0,0.9517983198165894,1,0.5,0.5,2,1,-1,2
crop_1399.png,8,8,1,0.9986845850944519,0,0.0,1.0,1,1,0,1
crop_1269.png,32,32,1,0.9896180629730225,0,0.0,1.0,2,2,0,2
crop_0783.png,95,95,1,0.9575539827346802,0,0.0,1.0,2,2,0,2
crop_2720.png,9,9,1,0.9222895503044128,0,0.0,1.0,1,1,0,1
crop_1248.png,48,48,1,0.9980016946792603,0,0.0,1.0,2,2,0,2
crop_0161.png,60,6,0,0.7194138765335083,1,0.5,0.5,2,1,-1,2
crop_0358.png,59,,0,,2,1.0,0.0,2,0,-2,2
crop_2185.png,33,33,1,0.9996396899223328,0,0.0,1.0,2,2,0,2
crop_0368.png,61,6,0,0.8755960464477539,1,0.5,0.5,2,1,-1,2
crop_1623.png,53,53,1,0.9998471736907959,0,0.0,1.0,2,2,0,2
crop_1396.png,5,5,1,0.9987627267837524,0,0.0,1.0,1,1,0,1
crop_2400.png,9,9,1,0.9999309778213501,0,0.0,1.0,1,1,0,1
crop_0843.png,34,34,1,0.9999342560768127,0,0.0,1.0,2,2,0,2
crop_2534.png,17,17,1,0.9757988452911377,0,0.0,1.0,2,2,0,2
crop_0500.png,19,19,1,0.8883792757987976,0,0.0,1.0,2,2,0,2
crop_2461.png,7,7,1,0.9999635219573975,0,0.0,1.0,1,1,0,1
crop_0882.png,36,36,1,0.9998595714569092,0,0.0,1.0,2,2,0,2
crop_0767.png,50,50,1,0.9747321605682373,0,0.0,1.0,2,2,0,2
crop_2216.png,10,10,1,0.9953716993331909,0,0.0,1.0,2,2,0,2
crop_0600.png,27,27,1,0.9965581893920898,0,0.0,1.0,2,2,0,2
crop_0114.png,60,60,1,0.9796932339668274,0,0.0,1.0,2,2,0,2
crop_1630.png,44,44,1,0.9998974800109863,0,0.0,1.0,2,2,0,2
crop_0664.png,41,,0,0.12156021595001221,2,1.0,0.0,2,0,-2,2
crop_0094.png,48,4,0,0.999380350112915,1,0.5,0.5,2,1,-1,2
crop_0059.png,54,54,1,0.9305482506752014,0,0.0,1.0,2,2,0,2
crop_1850.png,36,36,1,0.9987101554870605,0,0.0,1.0,2,2,0,2
crop_0613.png,5,5,1,0.9988507032394409,0,0.0,1.0,1,1,0,1
crop_1421.png,2,2,1,0.9999328851699829,0,0.0,1.0,1,1,0,1
crop_0340.png,19,2,0,0.21224813163280487,2,1.0,0.0,2,1,-1,2
crop_0908.png,23,23,1,0.999957799911499,0,0.0,1.0,2,2,0,2
crop_2638.png,11,11,1,0.7177780866622925,0,0.0,1.0,2,2,0,2
crop_2527.png,22,22,1,0.9999895095825195,0,0.0,1.0,2,2,0,2
crop_2239.png,6,6,1,0.9846701622009277,0,0.0,1.0,1,1,0,1
crop_1297.png,30,3,0,0.7820028066635132,1,0.5,0.5,2,1,-1,2
crop_1557.png,24,24,1,0.9999844431877136,0,0.0,1.0,2,2,0,2
crop_0201.png,32,32,1,0.9991650581359863,0,0.0,1.0,2,2,0,2
crop_0888.png,29,29,1,0.8335773944854736,0,0.0,1.0,2,2,0,2
crop_0185.png,37,37,1,0.9995427131652832,0,0.0,1.0,2,2,0,2
crop_2930.png,8,8,1,0.9996340274810791,0,0.0,1.0,1,1,0,1
crop_0465.png,57,57,1,0.9982661604881287,0,0.0,1.0,2,2,0,2
crop_0588.png,51,51,1,0.9397037029266357,0,0.0,1.0,2,2,0,2
crop_1886.png,21,21,1,0.9973775148391724,0,0.0,1.0,2,2,0,2
crop_1401.png,5,5,1,0.9898115992546082,0,0.0,1.0,1,1,0,1
crop_2231.png,20,20,1,0.9999637007713318,0,0.0,1.0,2,2,0,2
crop_0480.png,57,57,1,0.982099175453186,0,0.0,1.0,2,2,0,2
crop_0140.png,65,65,1,0.9999544620513916,0,0.0,1.0,2,2,0,2
crop_1264.png,23,23,1,0.9998719692230225,0,0.0,1.0,2,2,0,2
crop_0073.png,48,48,1,0.9999570250511169,0,0.0,1.0,2,2,0,2
crop_1108.png,23,23,1,0.9999562501907349,0,0.0,1.0,2,2,0,2
crop_2518.png,16,16,1,0.8594818711280823,0,0.0,1.0,2,2,0,2
crop_2832.png,1,1,1,0.4561585485935211,0,0.0,1.0,1,1,0,1
crop_1555.png,22,22,1,0.9999917149543762,0,0.0,1.0,2,2,0,2
crop_1817.png,21,21,1,0.9443960189819336,0,0.0,1.0,2,2,0,2
crop_1471.png,5,5,1,0.5652129650115967,0,0.0,1.0,1,1,0,1
crop_1283.png,26,26,1,0.9847707748413086,0,0.0,1.0,2,2,0,2
crop_2071.png,10,10,1,0.9891693592071533,0,0.0,1.0,2,2,0,2
crop_2521.png,21,21,1,0.9971898794174194,0,0.0,1.0,2,2,0,2
crop_2564.png,18,18,1,0.9987466931343079,0,0.0,1.0,2,2,0,2
crop_1759.png,14,14,1,0.9982618093490601,0,0.0,1.0,2,2,0,2
crop_1381.png,6,6,1,0.9998176693916321,0,0.0,1.0,1,1,0,1
crop_1745.png,21,21,1,0.9327787160873413,0,0.0,1.0,2,2,0,2
crop_0672.png,41,41,1,0.9962805509567261,0,0.0,1.0,2,2,0,2
crop_1744.png,21,21,1,0.6440004110336304,0,0.0,1.0,2,2,0,2
crop_2118.png,12,12,1,0.9439574480056763,0,0.0,1.0,2,2,0,2
crop_1330.png,20,20,1,0.999945342540741,0,0.0,1.0,2,2,0,2
crop_2839.png,2,,0,,1,1.0,0.0,1,0,-1,1
crop_1418.png,4,,0,,1,1.0,0.0,1,0,-1,1
crop_2803.png,21,21,1,0.9914809465408325,0,0.0,1.0,2,2,0,2
crop_0693.png,31,3,0,0.8259543776512146,1,0.5,0.5,2,1,-1,2
crop_2750.png,14,25,0,0.9978878498077393,2,1.0,0.0,2,2,0,2
crop_1600.png,34,34,1,0.9998664855957031,0,0.0,1.0,2,2,0,2
crop_0961.png,8,8,1,0.997342050075531,0,0.0,1.0,1,1,0,1
crop_0153.png,54,54,1,0.9815099239349365,0,0.0,1.0,2,2,0,2
crop_0316.png,56,56,1,0.9960607290267944,0,0.0,1.0,2,2,0,2
crop_2355.png,7,7,1,0.8232204914093018,0,0.0,1.0,1,1,0,1
crop_2292.png,1,,0,,1,1.0,0.0,1,0,-1,1
crop_0839.png,31,3,0,0.998690664768219,1,0.5,0.5,2,1,-1,2
crop_0295.png,63,63,1,0.9997869729995728,0,0.0,1.0,2,2,0,2
crop_1479.png,16,16,1,0.8223825693130493,0,0.0,1.0,2,2,0,2
crop_0031.png,63,63,1,0.9996994733810425,0,0.0,1.0,2,2,0,2
crop_0935.png,20,20,1,0.9999438524246216,0,0.0,1.0,2,2,0,2
crop_1864.png,32,32,1,0.9961316585540771,0,0.0,1.0,2,2,0,2
crop_1077.png,12,12,1,0.9644359350204468,0,0.0,1.0,2,2,0,2
crop_0204.png,33,33,1,0.9991556406021118,0,0.0,1.0,2,2,0,2
crop_0901.png,26,26,1,0.9998478889465332,0,0.0,1.0,2,2,0,2
crop_1730.png,5,15,0,0.2629694938659668,1,1.0,0.0,1,2,1,1
crop_1790.png,20,20,1,0.9994823336601257,0,0.0,1.0,2,2,0,2
crop_2391.png,16,16,1,0.8669881820678711,0,0.0,1.0,2,2,0,2
crop_1781.png,23,23,1,0.9996951222419739,0,0.0,1.0,2,2,0,2
crop_2180.png,26,26,1,0.999973475933075,0,0.0,1.0,2,2,0,2
crop_1208.png,56,56,1,0.9979188442230225,0,0.0,1.0,2,2,0,2
crop_1977.png,29,29,1,0.9999709129333496,0,0.0,1.0,2,2,0,2
crop_2614.png,8,8,1,0.9998980760574341,0,0.0,1.0,1,1,0,1
crop_0258.png,53,53,1,0.9996453523635864,0,0.0,1.0,2,2,0,2
crop_0075.png,56,56,1,0.9771395325660706,0,0.0,1.0,2,2,0,2
crop_1975.png,35,35,1,0.9999564290046692,0,0.0,1.0,2,2,0,2
crop_1014.png,6,6,1,0.9992876648902893,0,0.0,1.0,1,1,0,1
crop_2313.png,7,7,1,0.9999793767929077,0,0.0,1.0,1,1,0,1
crop_1335.png,28,28,1,0.9993234276771545,0,0.0,1.0,2,2,0,2
crop_2061.png,18,18,1,0.9906650185585022,0,0.0,1.0,2,2,0,2
crop_1622.png,57,57,1,0.9999216198921204,0,0.0,1.0,2,2,0,2
crop_1359.png,10,1,0,0.4868893623352051,1,0.5,0.5,2,1,-1,2
crop_0790.png,58,58,1,0.9962217211723328,0,0.0,1.0,2,2,0,2
crop_2051.png,11,11,1,0.8751253485679626,0,0.0,1.0,2,2,0,2
crop_1661.png,2,2,1,0.9999756813049316,0,0.0,1.0,1,1,0,1
crop_2054.png,14,14,1,0.998380720615387,0,0.0,1.0,2,2,0,2
crop_1444.png,12,12,1,0.9980765581130981,0,0.0,1.0,2,2,0,2
crop_2724.png,19,29,0,0.783200740814209,1,0.5,0.5,2,2,0,2
crop_1525.png,25,25,1,0.9676710367202759,0,0.0,1.0,2,2,0,2
crop_2429.png,30,30,1,0.9702375531196594,0,0.0,1.0,2,2,0,2
crop_0089.png,62,62,1,0.9996374845504761,0,0.0,1.0,2,2,0,2
crop_0841.png,48,48,1,0.847099781036377,0,0.0,1.0,2,2,0,2
crop_1588.png,30,30,1,0.9723423719406128,0,0.0,1.0,2,2,0,2
crop_1753.png,10,20,0,0.8488619327545166,1,0.5,0.5,2,2,0,2
crop_0478.png,47,47,1,0.9999911785125732,0,0.0,1.0,2,2,0,2
crop_2227.png,9,9,1,0.9934390187263489,0,0.0,1.0,1,1,0,1
crop_1171.png,38,38,1,0.999090313911438,0,0.0,1.0,2,2,0,2
crop_2230.png,13,13,1,0.9575766324996948,0,0.0,1.0,2,2,0,2
crop_1428.png,10,.10,0,0.8938353061676025,1,0.5,0.5,2,3,1,2
crop_2008.png,4,4,1,0.9995518326759338,0,0.0,1.0,1,1,0,1
crop_2760.png,12,12,1,0.9889994859695435,0,0.0,1.0,2,2,0,2
crop_2853.png,11,11,1,0.9218946695327759,0,0.0,1.0,2,2,0,2
crop_0659.png,47,47,1,0.9999905228614807,0,0.0,1.0,2,2,0,2
crop_1910.png,19,19,1,0.9970078468322754,0,0.0,1.0,2,2,0,2
crop_2553.png,20,20,1,0.9951136112213135,0,0.0,1.0,2,2,0,2
crop_0772.png,69,69,1,0.6922888159751892,0,0.0,1.0,2,2,0,2
crop_2415.png,21,21,1,0.8361787796020508,0,0.0,1.0,2,2,0,2
crop_1562.png,26,26,1,0.9974887371063232,0,0.0,1.0,2,2,0,2
crop_1130.png,36,36,1,0.9997155666351318,0,0.0,1.0,2,2,0,2
crop_0680.png,31,31,1,0.750893771648407,0,0.0,1.0,2,2,0,2
crop_0706.png,10,10,1,0.9930015802383423,0,0.0,1.0,2,2,0,2
crop_0991.png,5,5,1,0.8604386448860168,0,0.0,1.0,1,1,0,1
crop_2797.png,36,..,0,0.8334465622901917,2,1.0,0.0,2,2,0,2
crop_3008.png,1,1,1,0.9921146035194397,0,0.0,1.0,1,1,0,1
crop_0304.png,44,44,1,0.9997454285621643,0,0.0,1.0,2,2,0,2
crop_1772.png,17,27,0,0.7616956233978271,1,0.5,0.5,2,2,0,2
crop_2463.png,12,12,1,0.9999679327011108,0,0.0,1.0,2,2,0,2
crop_1351.png,15,15,1,0.9165819883346558,0,0.0,1.0,2,2,0,2
crop_1187.png,79,79,1,0.9999924302101135,0,0.0,1.0,2,2,0,2
crop_2854.png,14,14,1,0.9143410921096802,0,0.0,1.0,2,2,0,2
crop_1715.png,17,7,0,0.9795352816581726,1,0.5,0.5,2,1,-1,2
crop_2213.png,40,40,1,0.9984456300735474,0,0.0,1.0,2,2,0,2
crop_2827.png,2,2,1,0.9999436140060425,0,0.0,1.0,1,1,0,1
crop_0579.png,53,53,1,0.9986358284950256,0,0.0,1.0,2,2,0,2
crop_0005.png,42,42,1,0.9999454617500305,0,0.0,1.0,2,2,0,2
crop_1680.png,21,21,1,0.9928967952728271,0,0.0,1.0,2,2,0,2
crop_0547.png,39,39,1,0.9899857044219971,0,0.0,1.0,2,2,0,2
crop_1039.png,8,8,1,0.9968921542167664,0,0.0,1.0,1,1,0,1
crop_2366.png,7,7,1,0.9999819993972778,0,0.0,1.0,1,1,0,1
crop_1913.png,9,,0,0.5546088218688965,1,1.0,0.0,1,0,-1,1
crop_0696.png,31,3,0,0.4430660605430603,1,0.5,0.5,2,1,-1,2
crop_2403.png,7,7,1,0.9999936819076538,0,0.0,1.0,1,1,0,1
crop_2264.png,11,,0,,2,1.0,0.0,2,0,-2,2
crop_0285.png,61,61,1,0.9467454552650452,0,0.0,1.0,2,2,0,2
crop_0559.png,60,60,1,0.9783995747566223,0,0.0,1.0,2,2,0,2
crop_0780.png,93,93,1,0.9979896545410156,0,0.0,1.0,2,2,0,2
crop_1571.png,24,24,1,0.9997141361236572,0,0.0,1.0,2,2,0,2
crop_0592.png,40,40,1,0.9041056632995605,0,0.0,1.0,2,2,0,2
crop_1870.png,16,16,1,0.9997645020484924,0,0.0,1.0,2,2,0,2
crop_2278.png,23,23,1,0.9255536794662476,0,0.0,1.0,2,2,0,2
crop_1934.png,20,20,1,0.9997988939285278,0,0.0,1.0,2,2,0,2
crop_1976.png,41,4,0,0.9986843466758728,1,0.5,0.5,2,1,-1,2
crop_1701.png,16,16,1,0.9887927174568176,0,0.0,1.0,2,2,0,2
crop_1119.png,27,27,1,0.9999771118164062,0,0.0,1.0,2,2,0,2
crop_1195.png,60,60,1,0.9955524802207947,0,0.0,1.0,2,2,0,2
crop_2083.png,13,13,1,0.9982403516769409,0,0.0,1.0,2,2,0,2
crop_0630.png,29,29,1,0.9326926469802856,0,0.0,1.0,2,2,0,2
crop_0481.png,75,76,0,0.9885392785072327,1,0.5,0.5,2,2,0,2
crop_1890.png,31,37,0,0.9830713272094727,1,0.5,0.5,2,2,0,2
crop_0464.png,61,1,0,0.8026078343391418,1,0.5,0.5,2,1,-1,2
crop_2146.png,15,15,1,0.8410339951515198,0,0.0,1.0,2,2,0,2
crop_2812.png,10,0,0,0.6559059619903564,1,0.5,0.5,2,1,-1,2
crop_1671.png,4,4,1,0.9734898805618286,0,0.0,1.0,1,1,0,1
crop_0056.png,65,66,0,0.9999388456344604,1,0.5,0.5,2,2,0,2
crop_1272.png,27,27,1,0.9997743368148804,0,0.0,1.0,2,2,0,2
crop_0648.png,36,36,1,0.9989070892333984,0,0.0,1.0,2,2,0,2
crop_2825.png,11,,0,0.9287126064300537,2,1.0,0.0,2,0,-2,2
crop_2485.png,22,22,1,0.9999915361404419,0,0.0,1.0,2,2,0,2
crop_2441.png,28,28,1,0.9995282888412476,0,0.0,1.0,2,2,0,2
crop_1985.png,6,6,1,0.9991703033447266,0,0.0,1.0,1,1,0,1
crop_2639.png,10,10,1,0.9993265271186829,0,0.0,1.0,2,2,0,2
crop_1179.png,57,57,1,0.9995864629745483,0,0.0,1.0,2,2,0,2
crop_2662.png,5,5,1,0.6229071617126465,0,0.0,1.0,1,1,0,1
crop_2990.png,8,8,1,0.9859141111373901,0,0.0,1.0,1,1,0,1
crop_3013.png,1,2,0,0.4902964234352112,1,1.0,0.0,1,1,0,1
crop_0211.png,46,46,1,0.9881958961486816,0,0.0,1.0,2,2,0,2
crop_1810.png,17,27,0,0.9962500333786011,1,0.5,0.5,2,2,0,2
crop_2041.png,15,1.5,0,0.9512829780578613,1,0.5,0.5,2,3,1,2
crop_2954.png,11,21,0,0.5251055359840393,1,0.5,0.5,2,2,0,2
crop_0768.png,64,64,1,0.998893678188324,0,0.0,1.0,2,2,0,2
crop_0222.png,18,18,1,0.9976037740707397,0,0.0,1.0,2,2,0,2
crop_1692.png,9,9,1,0.8388348817825317,0,0.0,1.0,1,1,0,1
crop_1892.png,57,57,1,0.9997433423995972,0,0.0,1.0,2,2,0,2
crop_0004.png,41,41,1,0.7389397621154785,0,0.0,1.0,2,2,0,2
crop_1655.png,3,3,1,0.9994927644729614,0,0.0,1.0,1,1,0,1
crop_0474.png,55,55,1,0.9955767393112183,0,0.0,1.0,2,2,0,2
crop_1324.png,26,26,1,0.7759235501289368,0,0.0,1.0,2,2,0,2
crop_2347.png,11,22,0,0.7735797166824341,2,1.0,0.0,2,2,0,2
crop_2903.png,28,28,1,0.998752772808075,0,0.0,1.0,2,2,0,2
crop_0360.png,53,53,1,0.9994386434555054,0,0.0,1.0,2,2,0,2
crop_2353.png,4,,0,,1,1.0,0.0,1,0,-1,1
crop_0150.png,65,65,1,0.9998842477798462,0,0.0,1.0,2,2,0,2
crop_1640.png,46,46,1,0.9999002814292908,0,0.0,1.0,2,2,0,2
crop_2155.png,3,3,1,0.9977378845214844,0,0.0,1.0,1,1,0,1
crop_2029.png,14,14,1,0.996735692024231,0,0.0,1.0,2,2,0,2
crop_2566.png,20,20,1,0.9988352060317993,0,0.0,1.0,2,2,0,2
crop_1350.png,13,13,1,0.962242603302002,0,0.0,1.0,2,2,0,2
crop_0658.png,46,46,1,0.9992661476135254,0,0.0,1.0,2,2,0,2
crop_0428.png,96,96,1,0.9999403953552246,0,0.0,1.0,2,2,0,2
crop_1315.png,30,30,1,0.7725152373313904,0,0.0,1.0,2,2,0,2
crop_1365.png,8,8,1,0.5204362869262695,0,0.0,1.0,1,1,0,1
crop_2504.png,24,24,1,0.999931812286377,0,0.0,1.0,2,2,0,2
crop_1425.png,9,9,1,0.9903296232223511,0,0.0,1.0,1,1,0,1
